"Rijbewijscategorie","LeeftijdRijbewijshouder","RegioS","Perioden","PersonenMetRijbewijs_1"
"Auto_totaal","Totaal","PV20  ","2023JJ00",383411
"Auto_totaal","Totaal","PV21  ","2023JJ00",442244
"Auto_totaal","Totaal","PV22  ","2023JJ00",348890
"Auto_totaal","Totaal","PV23  ","2023JJ00",795175
"Auto_totaal","Totaal","PV24  ","2023JJ00",270599
"Auto_totaal","Totaal","PV25  ","2023JJ00",1436872
"Auto_totaal","Totaal","PV26  ","2023JJ00",896837
"Auto_totaal","Totaal","PV27  ","2023JJ00",1800686
"Auto_totaal","Totaal","PV28  ","2023JJ00",2302606
"Auto_totaal","Totaal","PV29  ","2023JJ00",265040
"Auto_totaal","Totaal","PV30  ","2023JJ00",1779383
"Auto_totaal","Totaal","PV31  ","2023JJ00",762203
"Auto_totaal","Totaal","PV99  ","2023JJ00",44530
"Auto_totaal","16-18","PV20  ","2023JJ00",332
"Auto_totaal","16-18","PV21  ","2023JJ00",534
"Auto_totaal","16-18","PV22  ","2023JJ00",487
"Auto_totaal","16-18","PV23  ","2023JJ00",1115
"Auto_totaal","16-18","PV24  ","2023JJ00",367
"Auto_totaal","16-18","PV25  ","2023JJ00",1755
"Auto_totaal","16-18","PV26  ","2023JJ00",1119
"Auto_totaal","16-18","PV27  ","2023JJ00",1839
"Auto_totaal","16-18","PV28  ","2023JJ00",2136
"Auto_totaal","16-18","PV29  ","2023JJ00",463
"Auto_totaal","16-18","PV30  ","2023JJ00",2102
"Auto_totaal","16-18","PV31  ","2023JJ00",948
"Auto_totaal","16-18","PV99  ","2023JJ00",0
"Auto_totaal","18-20","PV20  ","2023JJ00",6144
"Auto_totaal","18-20","PV21  ","2023JJ00",7358
"Auto_totaal","18-20","PV22  ","2023JJ00",5752
"Auto_totaal","18-20","PV23  ","2023JJ00",14370
"Auto_totaal","18-20","PV24  ","2023JJ00",4278
"Auto_totaal","18-20","PV25  ","2023JJ00",24014
"Auto_totaal","18-20","PV26  ","2023JJ00",14331
"Auto_totaal","18-20","PV27  ","2023JJ00",24094
"Auto_totaal","18-20","PV28  ","2023JJ00",32767
"Auto_totaal","18-20","PV29  ","2023JJ00",4337
"Auto_totaal","18-20","PV30  ","2023JJ00",28939
"Auto_totaal","18-20","PV31  ","2023JJ00",11782
"Auto_totaal","18-20","PV99  ","2023JJ00",8
"Auto_totaal","20-25","PV20  ","2023JJ00",33314
"Auto_totaal","20-25","PV21  ","2023JJ00",29190
"Auto_totaal","20-25","PV22  ","2023JJ00",20612
"Auto_totaal","20-25","PV23  ","2023JJ00",57783
"Auto_totaal","20-25","PV24  ","2023JJ00",17530
"Auto_totaal","20-25","PV25  ","2023JJ00",101190
"Auto_totaal","20-25","PV26  ","2023JJ00",64197
"Auto_totaal","20-25","PV27  ","2023JJ00",112109
"Auto_totaal","20-25","PV28  ","2023JJ00",159122
"Auto_totaal","20-25","PV29  ","2023JJ00",15935
"Auto_totaal","20-25","PV30  ","2023JJ00",122048
"Auto_totaal","20-25","PV31  ","2023JJ00",47475
"Auto_totaal","20-25","PV99  ","2023JJ00",221
"Auto_totaal","25-30","PV20  ","2023JJ00",32111
"Auto_totaal","25-30","PV21  ","2023JJ00",29699
"Auto_totaal","25-30","PV22  ","2023JJ00",19674
"Auto_totaal","25-30","PV23  ","2023JJ00",59469
"Auto_totaal","25-30","PV24  ","2023JJ00",20137
"Auto_totaal","25-30","PV25  ","2023JJ00",104132
"Auto_totaal","25-30","PV26  ","2023JJ00",75880
"Auto_totaal","25-30","PV27  ","2023JJ00",143508
"Auto_totaal","25-30","PV28  ","2023JJ00",184211
"Auto_totaal","25-30","PV29  ","2023JJ00",16849
"Auto_totaal","25-30","PV30  ","2023JJ00",131930
"Auto_totaal","25-30","PV31  ","2023JJ00",49271
"Auto_totaal","25-30","PV99  ","2023JJ00",1511
"Auto_totaal","30-40","PV20  ","2023JJ00",57069
"Auto_totaal","30-40","PV21  ","2023JJ00",62683
"Auto_totaal","30-40","PV22  ","2023JJ00",46489
"Auto_totaal","30-40","PV23  ","2023JJ00",123254
"Auto_totaal","30-40","PV24  ","2023JJ00",50656
"Auto_totaal","30-40","PV25  ","2023JJ00",214723
"Auto_totaal","30-40","PV26  ","2023JJ00",161363
"Auto_totaal","30-40","PV27  ","2023JJ00",319305
"Auto_totaal","30-40","PV28  ","2023JJ00",401091
"Auto_totaal","30-40","PV29  ","2023JJ00",36752
"Auto_totaal","30-40","PV30  ","2023JJ00",277713
"Auto_totaal","30-40","PV31  ","2023JJ00",107524
"Auto_totaal","30-40","PV99  ","2023JJ00",8789
"Auto_totaal","40-50","PV20  ","2023JJ00",55722
"Auto_totaal","40-50","PV21  ","2023JJ00",66579
"Auto_totaal","40-50","PV22  ","2023JJ00",52038
"Auto_totaal","40-50","PV23  ","2023JJ00",125727
"Auto_totaal","40-50","PV24  ","2023JJ00",47047
"Auto_totaal","40-50","PV25  ","2023JJ00",219488
"Auto_totaal","40-50","PV26  ","2023JJ00",151057
"Auto_totaal","40-50","PV27  ","2023JJ00",301551
"Auto_totaal","40-50","PV28  ","2023JJ00",385265
"Auto_totaal","40-50","PV29  ","2023JJ00",39043
"Auto_totaal","40-50","PV30  ","2023JJ00",275843
"Auto_totaal","40-50","PV31  ","2023JJ00",106477
"Auto_totaal","40-50","PV99  ","2023JJ00",11107
"Auto_totaal","50-60","PV20  ","2023JJ00",72516
"Auto_totaal","50-60","PV21  ","2023JJ00",89466
"Auto_totaal","50-60","PV22  ","2023JJ00",71569
"Auto_totaal","50-60","PV23  ","2023JJ00",155464
"Auto_totaal","50-60","PV24  ","2023JJ00",54825
"Auto_totaal","50-60","PV25  ","2023JJ00",287459
"Auto_totaal","50-60","PV26  ","2023JJ00",171545
"Auto_totaal","50-60","PV27  ","2023JJ00",351691
"Auto_totaal","50-60","PV28  ","2023JJ00",445002
"Auto_totaal","50-60","PV29  ","2023JJ00",53194
"Auto_totaal","50-60","PV30  ","2023JJ00",351674
"Auto_totaal","50-60","PV31  ","2023JJ00",152397
"Auto_totaal","50-60","PV99  ","2023JJ00",12550
"Auto_totaal","60-65","PV20  ","2023JJ00",34381
"Auto_totaal","60-65","PV21  ","2023JJ00",41972
"Auto_totaal","60-65","PV22  ","2023JJ00",34783
"Auto_totaal","60-65","PV23  ","2023JJ00",71433
"Auto_totaal","60-65","PV24  ","2023JJ00",24720
"Auto_totaal","60-65","PV25  ","2023JJ00",134984
"Auto_totaal","60-65","PV26  ","2023JJ00",74340
"Auto_totaal","60-65","PV27  ","2023JJ00",156365
"Auto_totaal","60-65","PV28  ","2023JJ00",199312
"Auto_totaal","60-65","PV29  ","2023JJ00",25099
"Auto_totaal","60-65","PV30  ","2023JJ00",165081
"Auto_totaal","60-65","PV31  ","2023JJ00",79823
"Auto_totaal","60-65","PV99  ","2023JJ00",4701
"Auto_totaal","65-70","PV20  ","2023JJ00",30831
"Auto_totaal","65-70","PV21  ","2023JJ00",37663
"Auto_totaal","65-70","PV22  ","2023JJ00",31804
"Auto_totaal","65-70","PV23  ","2023JJ00",61891
"Auto_totaal","65-70","PV24  ","2023JJ00",19981
"Auto_totaal","65-70","PV25  ","2023JJ00",116370
"Auto_totaal","65-70","PV26  ","2023JJ00",61518
"Auto_totaal","65-70","PV27  ","2023JJ00",129090
"Auto_totaal","65-70","PV28  ","2023JJ00",167459
"Auto_totaal","65-70","PV29  ","2023JJ00",23485
"Auto_totaal","65-70","PV30  ","2023JJ00",140079
"Auto_totaal","65-70","PV31  ","2023JJ00",69728
"Auto_totaal","65-70","PV99  ","2023JJ00",3011
"Auto_totaal","70-75","PV20  ","2023JJ00",26705
"Auto_totaal","70-75","PV21  ","2023JJ00",32730
"Auto_totaal","70-75","PV22  ","2023JJ00",28005
"Auto_totaal","70-75","PV23  ","2023JJ00",53730
"Auto_totaal","70-75","PV24  ","2023JJ00",15192
"Auto_totaal","70-75","PV25  ","2023JJ00",101794
"Auto_totaal","70-75","PV26  ","2023JJ00",53055
"Auto_totaal","70-75","PV27  ","2023JJ00",114186
"Auto_totaal","70-75","PV28  ","2023JJ00",144813
"Auto_totaal","70-75","PV29  ","2023JJ00",20931
"Auto_totaal","70-75","PV30  ","2023JJ00",125139
"Auto_totaal","70-75","PV31  ","2023JJ00",61093
"Auto_totaal","70-75","PV99  ","2023JJ00",1965
"Auto_totaal","75+","PV20  ","2023JJ00",34286
"Auto_totaal","75+","PV21  ","2023JJ00",44370
"Auto_totaal","75+","PV22  ","2023JJ00",37677
"Auto_totaal","75+","PV23  ","2023JJ00",70939
"Auto_totaal","75+","PV24  ","2023JJ00",15866
"Auto_totaal","75+","PV25  ","2023JJ00",130963
"Auto_totaal","75+","PV26  ","2023JJ00",68432
"Auto_totaal","75+","PV27  ","2023JJ00",146948
"Auto_totaal","75+","PV28  ","2023JJ00",181428
"Auto_totaal","75+","PV29  ","2023JJ00",28952
"Auto_totaal","75+","PV30  ","2023JJ00",158835
"Auto_totaal","75+","PV31  ","2023JJ00",75685
"Auto_totaal","75+","PV99  ","2023JJ00",667
"Auto_totaal","onbekend","PV20  ","2023JJ00",0
"Auto_totaal","onbekend","PV21  ","2023JJ00",0
"Auto_totaal","onbekend","PV22  ","2023JJ00",0
"Auto_totaal","onbekend","PV23  ","2023JJ00",0
"Auto_totaal","onbekend","PV24  ","2023JJ00",0
"Auto_totaal","onbekend","PV25  ","2023JJ00",0
"Auto_totaal","onbekend","PV26  ","2023JJ00",0
"Auto_totaal","onbekend","PV27  ","2023JJ00",0
"Auto_totaal","onbekend","PV28  ","2023JJ00",0
"Auto_totaal","onbekend","PV29  ","2023JJ00",0
"Auto_totaal","onbekend","PV30  ","2023JJ00",0
"Auto_totaal","onbekend","PV31  ","2023JJ00",0
"Auto_totaal","onbekend","PV99  ","2023JJ00",0
"Auto_ex_aanhanger","Totaal","PV20  ","2023JJ00",228199
"Auto_ex_aanhanger","Totaal","PV21  ","2023JJ00",242789
"Auto_ex_aanhanger","Totaal","PV22  ","2023JJ00",179323
"Auto_ex_aanhanger","Totaal","PV23  ","2023JJ00",456361
"Auto_ex_aanhanger","Totaal","PV24  ","2023JJ00",182671
"Auto_ex_aanhanger","Totaal","PV25  ","2023JJ00",835097
"Auto_ex_aanhanger","Totaal","PV26  ","2023JJ00",601216
"Auto_ex_aanhanger","Totaal","PV27  ","2023JJ00",1211353
"Auto_ex_aanhanger","Totaal","PV28  ","2023JJ00",1535770
"Auto_ex_aanhanger","Totaal","PV29  ","2023JJ00",141424
"Auto_ex_aanhanger","Totaal","PV30  ","2023JJ00",1057136
"Auto_ex_aanhanger","Totaal","PV31  ","2023JJ00",432033
"Auto_ex_aanhanger","Totaal","PV99  ","2023JJ00",33547
"Auto_ex_aanhanger","16-18","PV20  ","2023JJ00",332
"Auto_ex_aanhanger","16-18","PV21  ","2023JJ00",534
"Auto_ex_aanhanger","16-18","PV22  ","2023JJ00",487
"Auto_ex_aanhanger","16-18","PV23  ","2023JJ00",1115
"Auto_ex_aanhanger","16-18","PV24  ","2023JJ00",367
"Auto_ex_aanhanger","16-18","PV25  ","2023JJ00",1755
"Auto_ex_aanhanger","16-18","PV26  ","2023JJ00",1119
"Auto_ex_aanhanger","16-18","PV27  ","2023JJ00",1839
"Auto_ex_aanhanger","16-18","PV28  ","2023JJ00",2136
"Auto_ex_aanhanger","16-18","PV29  ","2023JJ00",463
"Auto_ex_aanhanger","16-18","PV30  ","2023JJ00",2102
"Auto_ex_aanhanger","16-18","PV31  ","2023JJ00",948
"Auto_ex_aanhanger","16-18","PV99  ","2023JJ00",0
"Auto_ex_aanhanger","18-20","PV20  ","2023JJ00",5951
"Auto_ex_aanhanger","18-20","PV21  ","2023JJ00",7154
"Auto_ex_aanhanger","18-20","PV22  ","2023JJ00",5571
"Auto_ex_aanhanger","18-20","PV23  ","2023JJ00",13867
"Auto_ex_aanhanger","18-20","PV24  ","2023JJ00",4209
"Auto_ex_aanhanger","18-20","PV25  ","2023JJ00",23296
"Auto_ex_aanhanger","18-20","PV26  ","2023JJ00",14073
"Auto_ex_aanhanger","18-20","PV27  ","2023JJ00",23808
"Auto_ex_aanhanger","18-20","PV28  ","2023JJ00",32377
"Auto_ex_aanhanger","18-20","PV29  ","2023JJ00",4208
"Auto_ex_aanhanger","18-20","PV30  ","2023JJ00",28375
"Auto_ex_aanhanger","18-20","PV31  ","2023JJ00",11598
"Auto_ex_aanhanger","18-20","PV99  ","2023JJ00",8
"Auto_ex_aanhanger","20-25","PV20  ","2023JJ00",31550
"Auto_ex_aanhanger","20-25","PV21  ","2023JJ00",26920
"Auto_ex_aanhanger","20-25","PV22  ","2023JJ00",18698
"Auto_ex_aanhanger","20-25","PV23  ","2023JJ00",53118
"Auto_ex_aanhanger","20-25","PV24  ","2023JJ00",16764
"Auto_ex_aanhanger","20-25","PV25  ","2023JJ00",94312
"Auto_ex_aanhanger","20-25","PV26  ","2023JJ00",61719
"Auto_ex_aanhanger","20-25","PV27  ","2023JJ00",108860
"Auto_ex_aanhanger","20-25","PV28  ","2023JJ00",154722
"Auto_ex_aanhanger","20-25","PV29  ","2023JJ00",14624
"Auto_ex_aanhanger","20-25","PV30  ","2023JJ00",115902
"Auto_ex_aanhanger","20-25","PV31  ","2023JJ00",45514
"Auto_ex_aanhanger","20-25","PV99  ","2023JJ00",217
"Auto_ex_aanhanger","25-30","PV20  ","2023JJ00",29446
"Auto_ex_aanhanger","25-30","PV21  ","2023JJ00",26182
"Auto_ex_aanhanger","25-30","PV22  ","2023JJ00",17027
"Auto_ex_aanhanger","25-30","PV23  ","2023JJ00",52805
"Auto_ex_aanhanger","25-30","PV24  ","2023JJ00",18910
"Auto_ex_aanhanger","25-30","PV25  ","2023JJ00",94068
"Auto_ex_aanhanger","25-30","PV26  ","2023JJ00",71842
"Auto_ex_aanhanger","25-30","PV27  ","2023JJ00",137432
"Auto_ex_aanhanger","25-30","PV28  ","2023JJ00",176263
"Auto_ex_aanhanger","25-30","PV29  ","2023JJ00",14841
"Auto_ex_aanhanger","25-30","PV30  ","2023JJ00",121811
"Auto_ex_aanhanger","25-30","PV31  ","2023JJ00",45839
"Auto_ex_aanhanger","25-30","PV99  ","2023JJ00",1470
"Auto_ex_aanhanger","30-40","PV20  ","2023JJ00",49868
"Auto_ex_aanhanger","30-40","PV21  ","2023JJ00",52407
"Auto_ex_aanhanger","30-40","PV22  ","2023JJ00",38449
"Auto_ex_aanhanger","30-40","PV23  ","2023JJ00",104502
"Auto_ex_aanhanger","30-40","PV24  ","2023JJ00",46377
"Auto_ex_aanhanger","30-40","PV25  ","2023JJ00",185813
"Auto_ex_aanhanger","30-40","PV26  ","2023JJ00",149560
"Auto_ex_aanhanger","30-40","PV27  ","2023JJ00",299678
"Auto_ex_aanhanger","30-40","PV28  ","2023JJ00",374562
"Auto_ex_aanhanger","30-40","PV29  ","2023JJ00",31072
"Auto_ex_aanhanger","30-40","PV30  ","2023JJ00",247452
"Auto_ex_aanhanger","30-40","PV31  ","2023JJ00",96374
"Auto_ex_aanhanger","30-40","PV99  ","2023JJ00",8471
"Auto_ex_aanhanger","40-50","PV20  ","2023JJ00",46587
"Auto_ex_aanhanger","40-50","PV21  ","2023JJ00",53757
"Auto_ex_aanhanger","40-50","PV22  ","2023JJ00",41762
"Auto_ex_aanhanger","40-50","PV23  ","2023JJ00",102428
"Auto_ex_aanhanger","40-50","PV24  ","2023JJ00",41772
"Auto_ex_aanhanger","40-50","PV25  ","2023JJ00",183750
"Auto_ex_aanhanger","40-50","PV26  ","2023JJ00",135834
"Auto_ex_aanhanger","40-50","PV27  ","2023JJ00",274304
"Auto_ex_aanhanger","40-50","PV28  ","2023JJ00",350262
"Auto_ex_aanhanger","40-50","PV29  ","2023JJ00",32181
"Auto_ex_aanhanger","40-50","PV30  ","2023JJ00",238178
"Auto_ex_aanhanger","40-50","PV31  ","2023JJ00",91933
"Auto_ex_aanhanger","40-50","PV99  ","2023JJ00",10512
"Auto_ex_aanhanger","50-60","PV20  ","2023JJ00",51850
"Auto_ex_aanhanger","50-60","PV21  ","2023JJ00",61704
"Auto_ex_aanhanger","50-60","PV22  ","2023JJ00",47548
"Auto_ex_aanhanger","50-60","PV23  ","2023JJ00",107268
"Auto_ex_aanhanger","50-60","PV24  ","2023JJ00",42188
"Auto_ex_aanhanger","50-60","PV25  ","2023JJ00",204332
"Auto_ex_aanhanger","50-60","PV26  ","2023JJ00",132894
"Auto_ex_aanhanger","50-60","PV27  ","2023JJ00",278439
"Auto_ex_aanhanger","50-60","PV28  ","2023JJ00",346311
"Auto_ex_aanhanger","50-60","PV29  ","2023JJ00",35769
"Auto_ex_aanhanger","50-60","PV30  ","2023JJ00",251054
"Auto_ex_aanhanger","50-60","PV31  ","2023JJ00",110391
"Auto_ex_aanhanger","50-60","PV99  ","2023JJ00",10274
"Auto_ex_aanhanger","60-65","PV20  ","2023JJ00",5733
"Auto_ex_aanhanger","60-65","PV21  ","2023JJ00",5889
"Auto_ex_aanhanger","60-65","PV22  ","2023JJ00",3963
"Auto_ex_aanhanger","60-65","PV23  ","2023JJ00",9291
"Auto_ex_aanhanger","60-65","PV24  ","2023JJ00",6361
"Auto_ex_aanhanger","60-65","PV25  ","2023JJ00",21156
"Auto_ex_aanhanger","60-65","PV26  ","2023JJ00",15947
"Auto_ex_aanhanger","60-65","PV27  ","2023JJ00",41325
"Auto_ex_aanhanger","60-65","PV28  ","2023JJ00",46124
"Auto_ex_aanhanger","60-65","PV29  ","2023JJ00",3286
"Auto_ex_aanhanger","60-65","PV30  ","2023JJ00",22486
"Auto_ex_aanhanger","60-65","PV31  ","2023JJ00",12718
"Auto_ex_aanhanger","60-65","PV99  ","2023JJ00",1541
"Auto_ex_aanhanger","65-70","PV20  ","2023JJ00",3115
"Auto_ex_aanhanger","65-70","PV21  ","2023JJ00",3425
"Auto_ex_aanhanger","65-70","PV22  ","2023JJ00",2403
"Auto_ex_aanhanger","65-70","PV23  ","2023JJ00",4770
"Auto_ex_aanhanger","65-70","PV24  ","2023JJ00",3166
"Auto_ex_aanhanger","65-70","PV25  ","2023JJ00",11150
"Auto_ex_aanhanger","65-70","PV26  ","2023JJ00",7972
"Auto_ex_aanhanger","65-70","PV27  ","2023JJ00",21749
"Auto_ex_aanhanger","65-70","PV28  ","2023JJ00",24241
"Auto_ex_aanhanger","65-70","PV29  ","2023JJ00",1846
"Auto_ex_aanhanger","65-70","PV30  ","2023JJ00",11682
"Auto_ex_aanhanger","65-70","PV31  ","2023JJ00",6691
"Auto_ex_aanhanger","65-70","PV99  ","2023JJ00",657
"Auto_ex_aanhanger","70-75","PV20  ","2023JJ00",1745
"Auto_ex_aanhanger","70-75","PV21  ","2023JJ00",2067
"Auto_ex_aanhanger","70-75","PV22  ","2023JJ00",1378
"Auto_ex_aanhanger","70-75","PV23  ","2023JJ00",2864
"Auto_ex_aanhanger","70-75","PV24  ","2023JJ00",1414
"Auto_ex_aanhanger","70-75","PV25  ","2023JJ00",6475
"Auto_ex_aanhanger","70-75","PV26  ","2023JJ00",4354
"Auto_ex_aanhanger","70-75","PV27  ","2023JJ00",11247
"Auto_ex_aanhanger","70-75","PV28  ","2023JJ00",13072
"Auto_ex_aanhanger","70-75","PV29  ","2023JJ00",1100
"Auto_ex_aanhanger","70-75","PV30  ","2023JJ00",7113
"Auto_ex_aanhanger","70-75","PV31  ","2023JJ00",3905
"Auto_ex_aanhanger","70-75","PV99  ","2023JJ00",294
"Auto_ex_aanhanger","75+","PV20  ","2023JJ00",2022
"Auto_ex_aanhanger","75+","PV21  ","2023JJ00",2750
"Auto_ex_aanhanger","75+","PV22  ","2023JJ00",2037
"Auto_ex_aanhanger","75+","PV23  ","2023JJ00",4333
"Auto_ex_aanhanger","75+","PV24  ","2023JJ00",1143
"Auto_ex_aanhanger","75+","PV25  ","2023JJ00",8990
"Auto_ex_aanhanger","75+","PV26  ","2023JJ00",5902
"Auto_ex_aanhanger","75+","PV27  ","2023JJ00",12672
"Auto_ex_aanhanger","75+","PV28  ","2023JJ00",15700
"Auto_ex_aanhanger","75+","PV29  ","2023JJ00",2034
"Auto_ex_aanhanger","75+","PV30  ","2023JJ00",10981
"Auto_ex_aanhanger","75+","PV31  ","2023JJ00",6122
"Auto_ex_aanhanger","75+","PV99  ","2023JJ00",103
"Auto_ex_aanhanger","onbekend","PV20  ","2023JJ00",0
"Auto_ex_aanhanger","onbekend","PV21  ","2023JJ00",0
"Auto_ex_aanhanger","onbekend","PV22  ","2023JJ00",0
"Auto_ex_aanhanger","onbekend","PV23  ","2023JJ00",0
"Auto_ex_aanhanger","onbekend","PV24  ","2023JJ00",0
"Auto_ex_aanhanger","onbekend","PV25  ","2023JJ00",0
"Auto_ex_aanhanger","onbekend","PV26  ","2023JJ00",0
"Auto_ex_aanhanger","onbekend","PV27  ","2023JJ00",0
"Auto_ex_aanhanger","onbekend","PV28  ","2023JJ00",0
"Auto_ex_aanhanger","onbekend","PV29  ","2023JJ00",0
"Auto_ex_aanhanger","onbekend","PV30  ","2023JJ00",0
"Auto_ex_aanhanger","onbekend","PV31  ","2023JJ00",0
"Auto_ex_aanhanger","onbekend","PV99  ","2023JJ00",0
"Auto_inc_aanhanger","Totaal","PV20  ","2023JJ00",155212
"Auto_inc_aanhanger","Totaal","PV21  ","2023JJ00",199455
"Auto_inc_aanhanger","Totaal","PV22  ","2023JJ00",169567
"Auto_inc_aanhanger","Totaal","PV23  ","2023JJ00",338814
"Auto_inc_aanhanger","Totaal","PV24  ","2023JJ00",87928
"Auto_inc_aanhanger","Totaal","PV25  ","2023JJ00",601775
"Auto_inc_aanhanger","Totaal","PV26  ","2023JJ00",295621
"Auto_inc_aanhanger","Totaal","PV27  ","2023JJ00",589333
"Auto_inc_aanhanger","Totaal","PV28  ","2023JJ00",766836
"Auto_inc_aanhanger","Totaal","PV29  ","2023JJ00",123616
"Auto_inc_aanhanger","Totaal","PV30  ","2023JJ00",722247
"Auto_inc_aanhanger","Totaal","PV31  ","2023JJ00",330170
"Auto_inc_aanhanger","Totaal","PV99  ","2023JJ00",10983
"Auto_inc_aanhanger","16-18","PV20  ","2023JJ00",NA
"Auto_inc_aanhanger","16-18","PV21  ","2023JJ00",NA
"Auto_inc_aanhanger","16-18","PV22  ","2023JJ00",NA
"Auto_inc_aanhanger","16-18","PV23  ","2023JJ00",NA
"Auto_inc_aanhanger","16-18","PV24  ","2023JJ00",NA
"Auto_inc_aanhanger","16-18","PV25  ","2023JJ00",NA
"Auto_inc_aanhanger","16-18","PV26  ","2023JJ00",NA
"Auto_inc_aanhanger","16-18","PV27  ","2023JJ00",NA
"Auto_inc_aanhanger","16-18","PV28  ","2023JJ00",NA
"Auto_inc_aanhanger","16-18","PV29  ","2023JJ00",NA
"Auto_inc_aanhanger","16-18","PV30  ","2023JJ00",NA
"Auto_inc_aanhanger","16-18","PV31  ","2023JJ00",NA
"Auto_inc_aanhanger","16-18","PV99  ","2023JJ00",NA
"Auto_inc_aanhanger","18-20","PV20  ","2023JJ00",193
"Auto_inc_aanhanger","18-20","PV21  ","2023JJ00",204
"Auto_inc_aanhanger","18-20","PV22  ","2023JJ00",181
"Auto_inc_aanhanger","18-20","PV23  ","2023JJ00",503
"Auto_inc_aanhanger","18-20","PV24  ","2023JJ00",69
"Auto_inc_aanhanger","18-20","PV25  ","2023JJ00",718
"Auto_inc_aanhanger","18-20","PV26  ","2023JJ00",258
"Auto_inc_aanhanger","18-20","PV27  ","2023JJ00",286
"Auto_inc_aanhanger","18-20","PV28  ","2023JJ00",390
"Auto_inc_aanhanger","18-20","PV29  ","2023JJ00",129
"Auto_inc_aanhanger","18-20","PV30  ","2023JJ00",564
"Auto_inc_aanhanger","18-20","PV31  ","2023JJ00",184
"Auto_inc_aanhanger","18-20","PV99  ","2023JJ00",0
"Auto_inc_aanhanger","20-25","PV20  ","2023JJ00",1764
"Auto_inc_aanhanger","20-25","PV21  ","2023JJ00",2270
"Auto_inc_aanhanger","20-25","PV22  ","2023JJ00",1914
"Auto_inc_aanhanger","20-25","PV23  ","2023JJ00",4665
"Auto_inc_aanhanger","20-25","PV24  ","2023JJ00",766
"Auto_inc_aanhanger","20-25","PV25  ","2023JJ00",6878
"Auto_inc_aanhanger","20-25","PV26  ","2023JJ00",2478
"Auto_inc_aanhanger","20-25","PV27  ","2023JJ00",3249
"Auto_inc_aanhanger","20-25","PV28  ","2023JJ00",4400
"Auto_inc_aanhanger","20-25","PV29  ","2023JJ00",1311
"Auto_inc_aanhanger","20-25","PV30  ","2023JJ00",6146
"Auto_inc_aanhanger","20-25","PV31  ","2023JJ00",1961
"Auto_inc_aanhanger","20-25","PV99  ","2023JJ00",4
"Auto_inc_aanhanger","25-30","PV20  ","2023JJ00",2665
"Auto_inc_aanhanger","25-30","PV21  ","2023JJ00",3517
"Auto_inc_aanhanger","25-30","PV22  ","2023JJ00",2647
"Auto_inc_aanhanger","25-30","PV23  ","2023JJ00",6664
"Auto_inc_aanhanger","25-30","PV24  ","2023JJ00",1227
"Auto_inc_aanhanger","25-30","PV25  ","2023JJ00",10064
"Auto_inc_aanhanger","25-30","PV26  ","2023JJ00",4038
"Auto_inc_aanhanger","25-30","PV27  ","2023JJ00",6076
"Auto_inc_aanhanger","25-30","PV28  ","2023JJ00",7948
"Auto_inc_aanhanger","25-30","PV29  ","2023JJ00",2008
"Auto_inc_aanhanger","25-30","PV30  ","2023JJ00",10119
"Auto_inc_aanhanger","25-30","PV31  ","2023JJ00",3432
"Auto_inc_aanhanger","25-30","PV99  ","2023JJ00",41
"Auto_inc_aanhanger","30-40","PV20  ","2023JJ00",7201
"Auto_inc_aanhanger","30-40","PV21  ","2023JJ00",10276
"Auto_inc_aanhanger","30-40","PV22  ","2023JJ00",8040
"Auto_inc_aanhanger","30-40","PV23  ","2023JJ00",18752
"Auto_inc_aanhanger","30-40","PV24  ","2023JJ00",4279
"Auto_inc_aanhanger","30-40","PV25  ","2023JJ00",28910
"Auto_inc_aanhanger","30-40","PV26  ","2023JJ00",11803
"Auto_inc_aanhanger","30-40","PV27  ","2023JJ00",19627
"Auto_inc_aanhanger","30-40","PV28  ","2023JJ00",26529
"Auto_inc_aanhanger","30-40","PV29  ","2023JJ00",5680
"Auto_inc_aanhanger","30-40","PV30  ","2023JJ00",30261
"Auto_inc_aanhanger","30-40","PV31  ","2023JJ00",11150
"Auto_inc_aanhanger","30-40","PV99  ","2023JJ00",318
"Auto_inc_aanhanger","40-50","PV20  ","2023JJ00",9135
"Auto_inc_aanhanger","40-50","PV21  ","2023JJ00",12822
"Auto_inc_aanhanger","40-50","PV22  ","2023JJ00",10276
"Auto_inc_aanhanger","40-50","PV23  ","2023JJ00",23299
"Auto_inc_aanhanger","40-50","PV24  ","2023JJ00",5275
"Auto_inc_aanhanger","40-50","PV25  ","2023JJ00",35738
"Auto_inc_aanhanger","40-50","PV26  ","2023JJ00",15223
"Auto_inc_aanhanger","40-50","PV27  ","2023JJ00",27247
"Auto_inc_aanhanger","40-50","PV28  ","2023JJ00",35003
"Auto_inc_aanhanger","40-50","PV29  ","2023JJ00",6862
"Auto_inc_aanhanger","40-50","PV30  ","2023JJ00",37665
"Auto_inc_aanhanger","40-50","PV31  ","2023JJ00",14544
"Auto_inc_aanhanger","40-50","PV99  ","2023JJ00",595
"Auto_inc_aanhanger","50-60","PV20  ","2023JJ00",20666
"Auto_inc_aanhanger","50-60","PV21  ","2023JJ00",27762
"Auto_inc_aanhanger","50-60","PV22  ","2023JJ00",24021
"Auto_inc_aanhanger","50-60","PV23  ","2023JJ00",48196
"Auto_inc_aanhanger","50-60","PV24  ","2023JJ00",12637
"Auto_inc_aanhanger","50-60","PV25  ","2023JJ00",83127
"Auto_inc_aanhanger","50-60","PV26  ","2023JJ00",38651
"Auto_inc_aanhanger","50-60","PV27  ","2023JJ00",73252
"Auto_inc_aanhanger","50-60","PV28  ","2023JJ00",98691
"Auto_inc_aanhanger","50-60","PV29  ","2023JJ00",17425
"Auto_inc_aanhanger","50-60","PV30  ","2023JJ00",100620
"Auto_inc_aanhanger","50-60","PV31  ","2023JJ00",42006
"Auto_inc_aanhanger","50-60","PV99  ","2023JJ00",2276
"Auto_inc_aanhanger","60-65","PV20  ","2023JJ00",28648
"Auto_inc_aanhanger","60-65","PV21  ","2023JJ00",36083
"Auto_inc_aanhanger","60-65","PV22  ","2023JJ00",30820
"Auto_inc_aanhanger","60-65","PV23  ","2023JJ00",62142
"Auto_inc_aanhanger","60-65","PV24  ","2023JJ00",18359
"Auto_inc_aanhanger","60-65","PV25  ","2023JJ00",113828
"Auto_inc_aanhanger","60-65","PV26  ","2023JJ00",58393
"Auto_inc_aanhanger","60-65","PV27  ","2023JJ00",115040
"Auto_inc_aanhanger","60-65","PV28  ","2023JJ00",153188
"Auto_inc_aanhanger","60-65","PV29  ","2023JJ00",21813
"Auto_inc_aanhanger","60-65","PV30  ","2023JJ00",142595
"Auto_inc_aanhanger","60-65","PV31  ","2023JJ00",67105
"Auto_inc_aanhanger","60-65","PV99  ","2023JJ00",3160
"Auto_inc_aanhanger","65-70","PV20  ","2023JJ00",27716
"Auto_inc_aanhanger","65-70","PV21  ","2023JJ00",34238
"Auto_inc_aanhanger","65-70","PV22  ","2023JJ00",29401
"Auto_inc_aanhanger","65-70","PV23  ","2023JJ00",57121
"Auto_inc_aanhanger","65-70","PV24  ","2023JJ00",16815
"Auto_inc_aanhanger","65-70","PV25  ","2023JJ00",105220
"Auto_inc_aanhanger","65-70","PV26  ","2023JJ00",53546
"Auto_inc_aanhanger","65-70","PV27  ","2023JJ00",107341
"Auto_inc_aanhanger","65-70","PV28  ","2023JJ00",143218
"Auto_inc_aanhanger","65-70","PV29  ","2023JJ00",21639
"Auto_inc_aanhanger","65-70","PV30  ","2023JJ00",128397
"Auto_inc_aanhanger","65-70","PV31  ","2023JJ00",63037
"Auto_inc_aanhanger","65-70","PV99  ","2023JJ00",2354
"Auto_inc_aanhanger","70-75","PV20  ","2023JJ00",24960
"Auto_inc_aanhanger","70-75","PV21  ","2023JJ00",30663
"Auto_inc_aanhanger","70-75","PV22  ","2023JJ00",26627
"Auto_inc_aanhanger","70-75","PV23  ","2023JJ00",50866
"Auto_inc_aanhanger","70-75","PV24  ","2023JJ00",13778
"Auto_inc_aanhanger","70-75","PV25  ","2023JJ00",95319
"Auto_inc_aanhanger","70-75","PV26  ","2023JJ00",48701
"Auto_inc_aanhanger","70-75","PV27  ","2023JJ00",102939
"Auto_inc_aanhanger","70-75","PV28  ","2023JJ00",131741
"Auto_inc_aanhanger","70-75","PV29  ","2023JJ00",19831
"Auto_inc_aanhanger","70-75","PV30  ","2023JJ00",118026
"Auto_inc_aanhanger","70-75","PV31  ","2023JJ00",57188
"Auto_inc_aanhanger","70-75","PV99  ","2023JJ00",1671
"Auto_inc_aanhanger","75+","PV20  ","2023JJ00",32264
"Auto_inc_aanhanger","75+","PV21  ","2023JJ00",41620
"Auto_inc_aanhanger","75+","PV22  ","2023JJ00",35640
"Auto_inc_aanhanger","75+","PV23  ","2023JJ00",66606
"Auto_inc_aanhanger","75+","PV24  ","2023JJ00",14723
"Auto_inc_aanhanger","75+","PV25  ","2023JJ00",121973
"Auto_inc_aanhanger","75+","PV26  ","2023JJ00",62530
"Auto_inc_aanhanger","75+","PV27  ","2023JJ00",134276
"Auto_inc_aanhanger","75+","PV28  ","2023JJ00",165728
"Auto_inc_aanhanger","75+","PV29  ","2023JJ00",26918
"Auto_inc_aanhanger","75+","PV30  ","2023JJ00",147854
"Auto_inc_aanhanger","75+","PV31  ","2023JJ00",69563
"Auto_inc_aanhanger","75+","PV99  ","2023JJ00",564
"Auto_inc_aanhanger","onbekend","PV20  ","2023JJ00",0
"Auto_inc_aanhanger","onbekend","PV21  ","2023JJ00",0
"Auto_inc_aanhanger","onbekend","PV22  ","2023JJ00",0
"Auto_inc_aanhanger","onbekend","PV23  ","2023JJ00",0
"Auto_inc_aanhanger","onbekend","PV24  ","2023JJ00",0
"Auto_inc_aanhanger","onbekend","PV25  ","2023JJ00",0
"Auto_inc_aanhanger","onbekend","PV26  ","2023JJ00",0
"Auto_inc_aanhanger","onbekend","PV27  ","2023JJ00",0
"Auto_inc_aanhanger","onbekend","PV28  ","2023JJ00",0
"Auto_inc_aanhanger","onbekend","PV29  ","2023JJ00",0
"Auto_inc_aanhanger","onbekend","PV30  ","2023JJ00",0
"Auto_inc_aanhanger","onbekend","PV31  ","2023JJ00",0
"Auto_inc_aanhanger","onbekend","PV99  ","2023JJ00",0
"Bus_totaal","Totaal","PV20  ","2023JJ00",6998
"Bus_totaal","Totaal","PV21  ","2023JJ00",10702
"Bus_totaal","Totaal","PV22  ","2023JJ00",7884
"Bus_totaal","Totaal","PV23  ","2023JJ00",14094
"Bus_totaal","Totaal","PV24  ","2023JJ00",4740
"Bus_totaal","Totaal","PV25  ","2023JJ00",28655
"Bus_totaal","Totaal","PV26  ","2023JJ00",13579
"Bus_totaal","Totaal","PV27  ","2023JJ00",28368
"Bus_totaal","Totaal","PV28  ","2023JJ00",37371
"Bus_totaal","Totaal","PV29  ","2023JJ00",5994
"Bus_totaal","Totaal","PV30  ","2023JJ00",33907
"Bus_totaal","Totaal","PV31  ","2023JJ00",14920
"Bus_totaal","Totaal","PV99  ","2023JJ00",428
"Bus_totaal","16-18","PV20  ","2023JJ00",NA
"Bus_totaal","16-18","PV21  ","2023JJ00",NA
"Bus_totaal","16-18","PV22  ","2023JJ00",NA
"Bus_totaal","16-18","PV23  ","2023JJ00",NA
"Bus_totaal","16-18","PV24  ","2023JJ00",NA
"Bus_totaal","16-18","PV25  ","2023JJ00",NA
"Bus_totaal","16-18","PV26  ","2023JJ00",NA
"Bus_totaal","16-18","PV27  ","2023JJ00",NA
"Bus_totaal","16-18","PV28  ","2023JJ00",NA
"Bus_totaal","16-18","PV29  ","2023JJ00",NA
"Bus_totaal","16-18","PV30  ","2023JJ00",NA
"Bus_totaal","16-18","PV31  ","2023JJ00",NA
"Bus_totaal","16-18","PV99  ","2023JJ00",NA
"Bus_totaal","18-20","PV20  ","2023JJ00",0
"Bus_totaal","18-20","PV21  ","2023JJ00",0
"Bus_totaal","18-20","PV22  ","2023JJ00",1
"Bus_totaal","18-20","PV23  ","2023JJ00",0
"Bus_totaal","18-20","PV24  ","2023JJ00",1
"Bus_totaal","18-20","PV25  ","2023JJ00",1
"Bus_totaal","18-20","PV26  ","2023JJ00",1
"Bus_totaal","18-20","PV27  ","2023JJ00",2
"Bus_totaal","18-20","PV28  ","2023JJ00",1
"Bus_totaal","18-20","PV29  ","2023JJ00",0
"Bus_totaal","18-20","PV30  ","2023JJ00",1
"Bus_totaal","18-20","PV31  ","2023JJ00",1
"Bus_totaal","18-20","PV99  ","2023JJ00",0
"Bus_totaal","20-25","PV20  ","2023JJ00",32
"Bus_totaal","20-25","PV21  ","2023JJ00",24
"Bus_totaal","20-25","PV22  ","2023JJ00",12
"Bus_totaal","20-25","PV23  ","2023JJ00",24
"Bus_totaal","20-25","PV24  ","2023JJ00",16
"Bus_totaal","20-25","PV25  ","2023JJ00",37
"Bus_totaal","20-25","PV26  ","2023JJ00",44
"Bus_totaal","20-25","PV27  ","2023JJ00",63
"Bus_totaal","20-25","PV28  ","2023JJ00",92
"Bus_totaal","20-25","PV29  ","2023JJ00",11
"Bus_totaal","20-25","PV30  ","2023JJ00",62
"Bus_totaal","20-25","PV31  ","2023JJ00",20
"Bus_totaal","20-25","PV99  ","2023JJ00",0
"Bus_totaal","25-30","PV20  ","2023JJ00",81
"Bus_totaal","25-30","PV21  ","2023JJ00",74
"Bus_totaal","25-30","PV22  ","2023JJ00",40
"Bus_totaal","25-30","PV23  ","2023JJ00",71
"Bus_totaal","25-30","PV24  ","2023JJ00",54
"Bus_totaal","25-30","PV25  ","2023JJ00",159
"Bus_totaal","25-30","PV26  ","2023JJ00",98
"Bus_totaal","25-30","PV27  ","2023JJ00",274
"Bus_totaal","25-30","PV28  ","2023JJ00",372
"Bus_totaal","25-30","PV29  ","2023JJ00",31
"Bus_totaal","25-30","PV30  ","2023JJ00",199
"Bus_totaal","25-30","PV31  ","2023JJ00",90
"Bus_totaal","25-30","PV99  ","2023JJ00",2
"Bus_totaal","30-40","PV20  ","2023JJ00",242
"Bus_totaal","30-40","PV21  ","2023JJ00",288
"Bus_totaal","30-40","PV22  ","2023JJ00",180
"Bus_totaal","30-40","PV23  ","2023JJ00",355
"Bus_totaal","30-40","PV24  ","2023JJ00",269
"Bus_totaal","30-40","PV25  ","2023JJ00",693
"Bus_totaal","30-40","PV26  ","2023JJ00",434
"Bus_totaal","30-40","PV27  ","2023JJ00",1142
"Bus_totaal","30-40","PV28  ","2023JJ00",1485
"Bus_totaal","30-40","PV29  ","2023JJ00",132
"Bus_totaal","30-40","PV30  ","2023JJ00",813
"Bus_totaal","30-40","PV31  ","2023JJ00",348
"Bus_totaal","30-40","PV99  ","2023JJ00",22
"Bus_totaal","40-50","PV20  ","2023JJ00",363
"Bus_totaal","40-50","PV21  ","2023JJ00",534
"Bus_totaal","40-50","PV22  ","2023JJ00",324
"Bus_totaal","40-50","PV23  ","2023JJ00",632
"Bus_totaal","40-50","PV24  ","2023JJ00",396
"Bus_totaal","40-50","PV25  ","2023JJ00",1103
"Bus_totaal","40-50","PV26  ","2023JJ00",754
"Bus_totaal","40-50","PV27  ","2023JJ00",1954
"Bus_totaal","40-50","PV28  ","2023JJ00",2237
"Bus_totaal","40-50","PV29  ","2023JJ00",260
"Bus_totaal","40-50","PV30  ","2023JJ00",1317
"Bus_totaal","40-50","PV31  ","2023JJ00",627
"Bus_totaal","40-50","PV99  ","2023JJ00",50
"Bus_totaal","50-60","PV20  ","2023JJ00",1281
"Bus_totaal","50-60","PV21  ","2023JJ00",2113
"Bus_totaal","50-60","PV22  ","2023JJ00",1454
"Bus_totaal","50-60","PV23  ","2023JJ00",2592
"Bus_totaal","50-60","PV24  ","2023JJ00",994
"Bus_totaal","50-60","PV25  ","2023JJ00",5287
"Bus_totaal","50-60","PV26  ","2023JJ00",2515
"Bus_totaal","50-60","PV27  ","2023JJ00",5718
"Bus_totaal","50-60","PV28  ","2023JJ00",7233
"Bus_totaal","50-60","PV29  ","2023JJ00",1167
"Bus_totaal","50-60","PV30  ","2023JJ00",6195
"Bus_totaal","50-60","PV31  ","2023JJ00",2673
"Bus_totaal","50-60","PV99  ","2023JJ00",110
"Bus_totaal","60-65","PV20  ","2023JJ00",1722
"Bus_totaal","60-65","PV21  ","2023JJ00",2721
"Bus_totaal","60-65","PV22  ","2023JJ00",2123
"Bus_totaal","60-65","PV23  ","2023JJ00",3897
"Bus_totaal","60-65","PV24  ","2023JJ00",1119
"Bus_totaal","60-65","PV25  ","2023JJ00",7910
"Bus_totaal","60-65","PV26  ","2023JJ00",3576
"Bus_totaal","60-65","PV27  ","2023JJ00",7009
"Bus_totaal","60-65","PV28  ","2023JJ00",9531
"Bus_totaal","60-65","PV29  ","2023JJ00",1575
"Bus_totaal","60-65","PV30  ","2023JJ00",9537
"Bus_totaal","60-65","PV31  ","2023JJ00",4158
"Bus_totaal","60-65","PV99  ","2023JJ00",107
"Bus_totaal","65-70","PV20  ","2023JJ00",1680
"Bus_totaal","65-70","PV21  ","2023JJ00",2370
"Bus_totaal","65-70","PV22  ","2023JJ00",1903
"Bus_totaal","65-70","PV23  ","2023JJ00",3353
"Bus_totaal","65-70","PV24  ","2023JJ00",1050
"Bus_totaal","65-70","PV25  ","2023JJ00",6823
"Bus_totaal","65-70","PV26  ","2023JJ00",3048
"Bus_totaal","65-70","PV27  ","2023JJ00",5967
"Bus_totaal","65-70","PV28  ","2023JJ00",8247
"Bus_totaal","65-70","PV29  ","2023JJ00",1422
"Bus_totaal","65-70","PV30  ","2023JJ00",7981
"Bus_totaal","65-70","PV31  ","2023JJ00",3510
"Bus_totaal","65-70","PV99  ","2023JJ00",78
"Bus_totaal","70-75","PV20  ","2023JJ00",906
"Bus_totaal","70-75","PV21  ","2023JJ00",1408
"Bus_totaal","70-75","PV22  ","2023JJ00",1073
"Bus_totaal","70-75","PV23  ","2023JJ00",1824
"Bus_totaal","70-75","PV24  ","2023JJ00",531
"Bus_totaal","70-75","PV25  ","2023JJ00",3829
"Bus_totaal","70-75","PV26  ","2023JJ00",1761
"Bus_totaal","70-75","PV27  ","2023JJ00",3527
"Bus_totaal","70-75","PV28  ","2023JJ00",4603
"Bus_totaal","70-75","PV29  ","2023JJ00",779
"Bus_totaal","70-75","PV30  ","2023JJ00",4699
"Bus_totaal","70-75","PV31  ","2023JJ00",2121
"Bus_totaal","70-75","PV99  ","2023JJ00",43
"Bus_totaal","75+","PV20  ","2023JJ00",691
"Bus_totaal","75+","PV21  ","2023JJ00",1170
"Bus_totaal","75+","PV22  ","2023JJ00",774
"Bus_totaal","75+","PV23  ","2023JJ00",1346
"Bus_totaal","75+","PV24  ","2023JJ00",310
"Bus_totaal","75+","PV25  ","2023JJ00",2813
"Bus_totaal","75+","PV26  ","2023JJ00",1348
"Bus_totaal","75+","PV27  ","2023JJ00",2712
"Bus_totaal","75+","PV28  ","2023JJ00",3570
"Bus_totaal","75+","PV29  ","2023JJ00",617
"Bus_totaal","75+","PV30  ","2023JJ00",3103
"Bus_totaal","75+","PV31  ","2023JJ00",1372
"Bus_totaal","75+","PV99  ","2023JJ00",16
"Bus_totaal","onbekend","PV20  ","2023JJ00",0
"Bus_totaal","onbekend","PV21  ","2023JJ00",0
"Bus_totaal","onbekend","PV22  ","2023JJ00",0
"Bus_totaal","onbekend","PV23  ","2023JJ00",0
"Bus_totaal","onbekend","PV24  ","2023JJ00",0
"Bus_totaal","onbekend","PV25  ","2023JJ00",0
"Bus_totaal","onbekend","PV26  ","2023JJ00",0
"Bus_totaal","onbekend","PV27  ","2023JJ00",0
"Bus_totaal","onbekend","PV28  ","2023JJ00",0
"Bus_totaal","onbekend","PV29  ","2023JJ00",0
"Bus_totaal","onbekend","PV30  ","2023JJ00",0
"Bus_totaal","onbekend","PV31  ","2023JJ00",0
"Bus_totaal","onbekend","PV99  ","2023JJ00",0
"Bus_ex_aanhanger","Totaal","PV20  ","2023JJ00",872
"Bus_ex_aanhanger","Totaal","PV21  ","2023JJ00",1046
"Bus_ex_aanhanger","Totaal","PV22  ","2023JJ00",650
"Bus_ex_aanhanger","Totaal","PV23  ","2023JJ00",1242
"Bus_ex_aanhanger","Totaal","PV24  ","2023JJ00",1009
"Bus_ex_aanhanger","Totaal","PV25  ","2023JJ00",2656
"Bus_ex_aanhanger","Totaal","PV26  ","2023JJ00",1977
"Bus_ex_aanhanger","Totaal","PV27  ","2023JJ00",4821
"Bus_ex_aanhanger","Totaal","PV28  ","2023JJ00",5121
"Bus_ex_aanhanger","Totaal","PV29  ","2023JJ00",467
"Bus_ex_aanhanger","Totaal","PV30  ","2023JJ00",2732
"Bus_ex_aanhanger","Totaal","PV31  ","2023JJ00",1259
"Bus_ex_aanhanger","Totaal","PV99  ","2023JJ00",53
"Bus_ex_aanhanger","16-18","PV20  ","2023JJ00",NA
"Bus_ex_aanhanger","16-18","PV21  ","2023JJ00",NA
"Bus_ex_aanhanger","16-18","PV22  ","2023JJ00",NA
"Bus_ex_aanhanger","16-18","PV23  ","2023JJ00",NA
"Bus_ex_aanhanger","16-18","PV24  ","2023JJ00",NA
"Bus_ex_aanhanger","16-18","PV25  ","2023JJ00",NA
"Bus_ex_aanhanger","16-18","PV26  ","2023JJ00",NA
"Bus_ex_aanhanger","16-18","PV27  ","2023JJ00",NA
"Bus_ex_aanhanger","16-18","PV28  ","2023JJ00",NA
"Bus_ex_aanhanger","16-18","PV29  ","2023JJ00",NA
"Bus_ex_aanhanger","16-18","PV30  ","2023JJ00",NA
"Bus_ex_aanhanger","16-18","PV31  ","2023JJ00",NA
"Bus_ex_aanhanger","16-18","PV99  ","2023JJ00",NA
"Bus_ex_aanhanger","18-20","PV20  ","2023JJ00",0
"Bus_ex_aanhanger","18-20","PV21  ","2023JJ00",0
"Bus_ex_aanhanger","18-20","PV22  ","2023JJ00",0
"Bus_ex_aanhanger","18-20","PV23  ","2023JJ00",0
"Bus_ex_aanhanger","18-20","PV24  ","2023JJ00",1
"Bus_ex_aanhanger","18-20","PV25  ","2023JJ00",1
"Bus_ex_aanhanger","18-20","PV26  ","2023JJ00",0
"Bus_ex_aanhanger","18-20","PV27  ","2023JJ00",2
"Bus_ex_aanhanger","18-20","PV28  ","2023JJ00",0
"Bus_ex_aanhanger","18-20","PV29  ","2023JJ00",0
"Bus_ex_aanhanger","18-20","PV30  ","2023JJ00",1
"Bus_ex_aanhanger","18-20","PV31  ","2023JJ00",1
"Bus_ex_aanhanger","18-20","PV99  ","2023JJ00",0
"Bus_ex_aanhanger","20-25","PV20  ","2023JJ00",23
"Bus_ex_aanhanger","20-25","PV21  ","2023JJ00",22
"Bus_ex_aanhanger","20-25","PV22  ","2023JJ00",10
"Bus_ex_aanhanger","20-25","PV23  ","2023JJ00",17
"Bus_ex_aanhanger","20-25","PV24  ","2023JJ00",12
"Bus_ex_aanhanger","20-25","PV25  ","2023JJ00",27
"Bus_ex_aanhanger","20-25","PV26  ","2023JJ00",36
"Bus_ex_aanhanger","20-25","PV27  ","2023JJ00",57
"Bus_ex_aanhanger","20-25","PV28  ","2023JJ00",68
"Bus_ex_aanhanger","20-25","PV29  ","2023JJ00",7
"Bus_ex_aanhanger","20-25","PV30  ","2023JJ00",50
"Bus_ex_aanhanger","20-25","PV31  ","2023JJ00",15
"Bus_ex_aanhanger","20-25","PV99  ","2023JJ00",0
"Bus_ex_aanhanger","25-30","PV20  ","2023JJ00",64
"Bus_ex_aanhanger","25-30","PV21  ","2023JJ00",48
"Bus_ex_aanhanger","25-30","PV22  ","2023JJ00",26
"Bus_ex_aanhanger","25-30","PV23  ","2023JJ00",52
"Bus_ex_aanhanger","25-30","PV24  ","2023JJ00",42
"Bus_ex_aanhanger","25-30","PV25  ","2023JJ00",113
"Bus_ex_aanhanger","25-30","PV26  ","2023JJ00",78
"Bus_ex_aanhanger","25-30","PV27  ","2023JJ00",203
"Bus_ex_aanhanger","25-30","PV28  ","2023JJ00",250
"Bus_ex_aanhanger","25-30","PV29  ","2023JJ00",21
"Bus_ex_aanhanger","25-30","PV30  ","2023JJ00",140
"Bus_ex_aanhanger","25-30","PV31  ","2023JJ00",54
"Bus_ex_aanhanger","25-30","PV99  ","2023JJ00",1
"Bus_ex_aanhanger","30-40","PV20  ","2023JJ00",158
"Bus_ex_aanhanger","30-40","PV21  ","2023JJ00",155
"Bus_ex_aanhanger","30-40","PV22  ","2023JJ00",102
"Bus_ex_aanhanger","30-40","PV23  ","2023JJ00",172
"Bus_ex_aanhanger","30-40","PV24  ","2023JJ00",198
"Bus_ex_aanhanger","30-40","PV25  ","2023JJ00",397
"Bus_ex_aanhanger","30-40","PV26  ","2023JJ00",318
"Bus_ex_aanhanger","30-40","PV27  ","2023JJ00",808
"Bus_ex_aanhanger","30-40","PV28  ","2023JJ00",934
"Bus_ex_aanhanger","30-40","PV29  ","2023JJ00",63
"Bus_ex_aanhanger","30-40","PV30  ","2023JJ00",481
"Bus_ex_aanhanger","30-40","PV31  ","2023JJ00",195
"Bus_ex_aanhanger","30-40","PV99  ","2023JJ00",7
"Bus_ex_aanhanger","40-50","PV20  ","2023JJ00",186
"Bus_ex_aanhanger","40-50","PV21  ","2023JJ00",188
"Bus_ex_aanhanger","40-50","PV22  ","2023JJ00",131
"Bus_ex_aanhanger","40-50","PV23  ","2023JJ00",259
"Bus_ex_aanhanger","40-50","PV24  ","2023JJ00",252
"Bus_ex_aanhanger","40-50","PV25  ","2023JJ00",504
"Bus_ex_aanhanger","40-50","PV26  ","2023JJ00",392
"Bus_ex_aanhanger","40-50","PV27  ","2023JJ00",984
"Bus_ex_aanhanger","40-50","PV28  ","2023JJ00",1081
"Bus_ex_aanhanger","40-50","PV29  ","2023JJ00",84
"Bus_ex_aanhanger","40-50","PV30  ","2023JJ00",528
"Bus_ex_aanhanger","40-50","PV31  ","2023JJ00",249
"Bus_ex_aanhanger","40-50","PV99  ","2023JJ00",14
"Bus_ex_aanhanger","50-60","PV20  ","2023JJ00",260
"Bus_ex_aanhanger","50-60","PV21  ","2023JJ00",386
"Bus_ex_aanhanger","50-60","PV22  ","2023JJ00",219
"Bus_ex_aanhanger","50-60","PV23  ","2023JJ00",435
"Bus_ex_aanhanger","50-60","PV24  ","2023JJ00",313
"Bus_ex_aanhanger","50-60","PV25  ","2023JJ00",896
"Bus_ex_aanhanger","50-60","PV26  ","2023JJ00",649
"Bus_ex_aanhanger","50-60","PV27  ","2023JJ00",1616
"Bus_ex_aanhanger","50-60","PV28  ","2023JJ00",1614
"Bus_ex_aanhanger","50-60","PV29  ","2023JJ00",153
"Bus_ex_aanhanger","50-60","PV30  ","2023JJ00",856
"Bus_ex_aanhanger","50-60","PV31  ","2023JJ00",433
"Bus_ex_aanhanger","50-60","PV99  ","2023JJ00",24
"Bus_ex_aanhanger","60-65","PV20  ","2023JJ00",96
"Bus_ex_aanhanger","60-65","PV21  ","2023JJ00",146
"Bus_ex_aanhanger","60-65","PV22  ","2023JJ00",89
"Bus_ex_aanhanger","60-65","PV23  ","2023JJ00",163
"Bus_ex_aanhanger","60-65","PV24  ","2023JJ00",118
"Bus_ex_aanhanger","60-65","PV25  ","2023JJ00",406
"Bus_ex_aanhanger","60-65","PV26  ","2023JJ00",303
"Bus_ex_aanhanger","60-65","PV27  ","2023JJ00",702
"Bus_ex_aanhanger","60-65","PV28  ","2023JJ00",682
"Bus_ex_aanhanger","60-65","PV29  ","2023JJ00",70
"Bus_ex_aanhanger","60-65","PV30  ","2023JJ00",364
"Bus_ex_aanhanger","60-65","PV31  ","2023JJ00",166
"Bus_ex_aanhanger","60-65","PV99  ","2023JJ00",4
"Bus_ex_aanhanger","65-70","PV20  ","2023JJ00",58
"Bus_ex_aanhanger","65-70","PV21  ","2023JJ00",62
"Bus_ex_aanhanger","65-70","PV22  ","2023JJ00",40
"Bus_ex_aanhanger","65-70","PV23  ","2023JJ00",93
"Bus_ex_aanhanger","65-70","PV24  ","2023JJ00",59
"Bus_ex_aanhanger","65-70","PV25  ","2023JJ00",201
"Bus_ex_aanhanger","65-70","PV26  ","2023JJ00",126
"Bus_ex_aanhanger","65-70","PV27  ","2023JJ00",296
"Bus_ex_aanhanger","65-70","PV28  ","2023JJ00",305
"Bus_ex_aanhanger","65-70","PV29  ","2023JJ00",40
"Bus_ex_aanhanger","65-70","PV30  ","2023JJ00",199
"Bus_ex_aanhanger","65-70","PV31  ","2023JJ00",85
"Bus_ex_aanhanger","65-70","PV99  ","2023JJ00",3
"Bus_ex_aanhanger","70-75","PV20  ","2023JJ00",16
"Bus_ex_aanhanger","70-75","PV21  ","2023JJ00",19
"Bus_ex_aanhanger","70-75","PV22  ","2023JJ00",16
"Bus_ex_aanhanger","70-75","PV23  ","2023JJ00",22
"Bus_ex_aanhanger","70-75","PV24  ","2023JJ00",10
"Bus_ex_aanhanger","70-75","PV25  ","2023JJ00",68
"Bus_ex_aanhanger","70-75","PV26  ","2023JJ00",37
"Bus_ex_aanhanger","70-75","PV27  ","2023JJ00",86
"Bus_ex_aanhanger","70-75","PV28  ","2023JJ00",102
"Bus_ex_aanhanger","70-75","PV29  ","2023JJ00",17
"Bus_ex_aanhanger","70-75","PV30  ","2023JJ00",57
"Bus_ex_aanhanger","70-75","PV31  ","2023JJ00",39
"Bus_ex_aanhanger","70-75","PV99  ","2023JJ00",0
"Bus_ex_aanhanger","75+","PV20  ","2023JJ00",11
"Bus_ex_aanhanger","75+","PV21  ","2023JJ00",20
"Bus_ex_aanhanger","75+","PV22  ","2023JJ00",17
"Bus_ex_aanhanger","75+","PV23  ","2023JJ00",29
"Bus_ex_aanhanger","75+","PV24  ","2023JJ00",4
"Bus_ex_aanhanger","75+","PV25  ","2023JJ00",43
"Bus_ex_aanhanger","75+","PV26  ","2023JJ00",38
"Bus_ex_aanhanger","75+","PV27  ","2023JJ00",67
"Bus_ex_aanhanger","75+","PV28  ","2023JJ00",85
"Bus_ex_aanhanger","75+","PV29  ","2023JJ00",12
"Bus_ex_aanhanger","75+","PV30  ","2023JJ00",56
"Bus_ex_aanhanger","75+","PV31  ","2023JJ00",22
"Bus_ex_aanhanger","75+","PV99  ","2023JJ00",0
"Bus_ex_aanhanger","onbekend","PV20  ","2023JJ00",0
"Bus_ex_aanhanger","onbekend","PV21  ","2023JJ00",0
"Bus_ex_aanhanger","onbekend","PV22  ","2023JJ00",0
"Bus_ex_aanhanger","onbekend","PV23  ","2023JJ00",0
"Bus_ex_aanhanger","onbekend","PV24  ","2023JJ00",0
"Bus_ex_aanhanger","onbekend","PV25  ","2023JJ00",0
"Bus_ex_aanhanger","onbekend","PV26  ","2023JJ00",0
"Bus_ex_aanhanger","onbekend","PV27  ","2023JJ00",0
"Bus_ex_aanhanger","onbekend","PV28  ","2023JJ00",0
"Bus_ex_aanhanger","onbekend","PV29  ","2023JJ00",0
"Bus_ex_aanhanger","onbekend","PV30  ","2023JJ00",0
"Bus_ex_aanhanger","onbekend","PV31  ","2023JJ00",0
"Bus_ex_aanhanger","onbekend","PV99  ","2023JJ00",0
"Bus_inc_aanhanger","Totaal","PV20  ","2023JJ00",6126
"Bus_inc_aanhanger","Totaal","PV21  ","2023JJ00",9656
"Bus_inc_aanhanger","Totaal","PV22  ","2023JJ00",7234
"Bus_inc_aanhanger","Totaal","PV23  ","2023JJ00",12852
"Bus_inc_aanhanger","Totaal","PV24  ","2023JJ00",3731
"Bus_inc_aanhanger","Totaal","PV25  ","2023JJ00",25999
"Bus_inc_aanhanger","Totaal","PV26  ","2023JJ00",11602
"Bus_inc_aanhanger","Totaal","PV27  ","2023JJ00",23547
"Bus_inc_aanhanger","Totaal","PV28  ","2023JJ00",32250
"Bus_inc_aanhanger","Totaal","PV29  ","2023JJ00",5527
"Bus_inc_aanhanger","Totaal","PV30  ","2023JJ00",31175
"Bus_inc_aanhanger","Totaal","PV31  ","2023JJ00",13661
"Bus_inc_aanhanger","Totaal","PV99  ","2023JJ00",375
"Bus_inc_aanhanger","16-18","PV20  ","2023JJ00",NA
"Bus_inc_aanhanger","16-18","PV21  ","2023JJ00",NA
"Bus_inc_aanhanger","16-18","PV22  ","2023JJ00",NA
"Bus_inc_aanhanger","16-18","PV23  ","2023JJ00",NA
"Bus_inc_aanhanger","16-18","PV24  ","2023JJ00",NA
"Bus_inc_aanhanger","16-18","PV25  ","2023JJ00",NA
"Bus_inc_aanhanger","16-18","PV26  ","2023JJ00",NA
"Bus_inc_aanhanger","16-18","PV27  ","2023JJ00",NA
"Bus_inc_aanhanger","16-18","PV28  ","2023JJ00",NA
"Bus_inc_aanhanger","16-18","PV29  ","2023JJ00",NA
"Bus_inc_aanhanger","16-18","PV30  ","2023JJ00",NA
"Bus_inc_aanhanger","16-18","PV31  ","2023JJ00",NA
"Bus_inc_aanhanger","16-18","PV99  ","2023JJ00",NA
"Bus_inc_aanhanger","18-20","PV20  ","2023JJ00",0
"Bus_inc_aanhanger","18-20","PV21  ","2023JJ00",0
"Bus_inc_aanhanger","18-20","PV22  ","2023JJ00",1
"Bus_inc_aanhanger","18-20","PV23  ","2023JJ00",0
"Bus_inc_aanhanger","18-20","PV24  ","2023JJ00",0
"Bus_inc_aanhanger","18-20","PV25  ","2023JJ00",0
"Bus_inc_aanhanger","18-20","PV26  ","2023JJ00",1
"Bus_inc_aanhanger","18-20","PV27  ","2023JJ00",0
"Bus_inc_aanhanger","18-20","PV28  ","2023JJ00",1
"Bus_inc_aanhanger","18-20","PV29  ","2023JJ00",0
"Bus_inc_aanhanger","18-20","PV30  ","2023JJ00",0
"Bus_inc_aanhanger","18-20","PV31  ","2023JJ00",0
"Bus_inc_aanhanger","18-20","PV99  ","2023JJ00",0
"Bus_inc_aanhanger","20-25","PV20  ","2023JJ00",9
"Bus_inc_aanhanger","20-25","PV21  ","2023JJ00",2
"Bus_inc_aanhanger","20-25","PV22  ","2023JJ00",2
"Bus_inc_aanhanger","20-25","PV23  ","2023JJ00",7
"Bus_inc_aanhanger","20-25","PV24  ","2023JJ00",4
"Bus_inc_aanhanger","20-25","PV25  ","2023JJ00",10
"Bus_inc_aanhanger","20-25","PV26  ","2023JJ00",8
"Bus_inc_aanhanger","20-25","PV27  ","2023JJ00",6
"Bus_inc_aanhanger","20-25","PV28  ","2023JJ00",24
"Bus_inc_aanhanger","20-25","PV29  ","2023JJ00",4
"Bus_inc_aanhanger","20-25","PV30  ","2023JJ00",12
"Bus_inc_aanhanger","20-25","PV31  ","2023JJ00",5
"Bus_inc_aanhanger","20-25","PV99  ","2023JJ00",0
"Bus_inc_aanhanger","25-30","PV20  ","2023JJ00",17
"Bus_inc_aanhanger","25-30","PV21  ","2023JJ00",26
"Bus_inc_aanhanger","25-30","PV22  ","2023JJ00",14
"Bus_inc_aanhanger","25-30","PV23  ","2023JJ00",19
"Bus_inc_aanhanger","25-30","PV24  ","2023JJ00",12
"Bus_inc_aanhanger","25-30","PV25  ","2023JJ00",46
"Bus_inc_aanhanger","25-30","PV26  ","2023JJ00",20
"Bus_inc_aanhanger","25-30","PV27  ","2023JJ00",71
"Bus_inc_aanhanger","25-30","PV28  ","2023JJ00",122
"Bus_inc_aanhanger","25-30","PV29  ","2023JJ00",10
"Bus_inc_aanhanger","25-30","PV30  ","2023JJ00",59
"Bus_inc_aanhanger","25-30","PV31  ","2023JJ00",36
"Bus_inc_aanhanger","25-30","PV99  ","2023JJ00",1
"Bus_inc_aanhanger","30-40","PV20  ","2023JJ00",84
"Bus_inc_aanhanger","30-40","PV21  ","2023JJ00",133
"Bus_inc_aanhanger","30-40","PV22  ","2023JJ00",78
"Bus_inc_aanhanger","30-40","PV23  ","2023JJ00",183
"Bus_inc_aanhanger","30-40","PV24  ","2023JJ00",71
"Bus_inc_aanhanger","30-40","PV25  ","2023JJ00",296
"Bus_inc_aanhanger","30-40","PV26  ","2023JJ00",116
"Bus_inc_aanhanger","30-40","PV27  ","2023JJ00",334
"Bus_inc_aanhanger","30-40","PV28  ","2023JJ00",551
"Bus_inc_aanhanger","30-40","PV29  ","2023JJ00",69
"Bus_inc_aanhanger","30-40","PV30  ","2023JJ00",332
"Bus_inc_aanhanger","30-40","PV31  ","2023JJ00",153
"Bus_inc_aanhanger","30-40","PV99  ","2023JJ00",15
"Bus_inc_aanhanger","40-50","PV20  ","2023JJ00",177
"Bus_inc_aanhanger","40-50","PV21  ","2023JJ00",346
"Bus_inc_aanhanger","40-50","PV22  ","2023JJ00",193
"Bus_inc_aanhanger","40-50","PV23  ","2023JJ00",373
"Bus_inc_aanhanger","40-50","PV24  ","2023JJ00",144
"Bus_inc_aanhanger","40-50","PV25  ","2023JJ00",599
"Bus_inc_aanhanger","40-50","PV26  ","2023JJ00",362
"Bus_inc_aanhanger","40-50","PV27  ","2023JJ00",970
"Bus_inc_aanhanger","40-50","PV28  ","2023JJ00",1156
"Bus_inc_aanhanger","40-50","PV29  ","2023JJ00",176
"Bus_inc_aanhanger","40-50","PV30  ","2023JJ00",789
"Bus_inc_aanhanger","40-50","PV31  ","2023JJ00",378
"Bus_inc_aanhanger","40-50","PV99  ","2023JJ00",36
"Bus_inc_aanhanger","50-60","PV20  ","2023JJ00",1021
"Bus_inc_aanhanger","50-60","PV21  ","2023JJ00",1727
"Bus_inc_aanhanger","50-60","PV22  ","2023JJ00",1235
"Bus_inc_aanhanger","50-60","PV23  ","2023JJ00",2157
"Bus_inc_aanhanger","50-60","PV24  ","2023JJ00",681
"Bus_inc_aanhanger","50-60","PV25  ","2023JJ00",4391
"Bus_inc_aanhanger","50-60","PV26  ","2023JJ00",1866
"Bus_inc_aanhanger","50-60","PV27  ","2023JJ00",4102
"Bus_inc_aanhanger","50-60","PV28  ","2023JJ00",5619
"Bus_inc_aanhanger","50-60","PV29  ","2023JJ00",1014
"Bus_inc_aanhanger","50-60","PV30  ","2023JJ00",5339
"Bus_inc_aanhanger","50-60","PV31  ","2023JJ00",2240
"Bus_inc_aanhanger","50-60","PV99  ","2023JJ00",86
"Bus_inc_aanhanger","60-65","PV20  ","2023JJ00",1626
"Bus_inc_aanhanger","60-65","PV21  ","2023JJ00",2575
"Bus_inc_aanhanger","60-65","PV22  ","2023JJ00",2034
"Bus_inc_aanhanger","60-65","PV23  ","2023JJ00",3734
"Bus_inc_aanhanger","60-65","PV24  ","2023JJ00",1001
"Bus_inc_aanhanger","60-65","PV25  ","2023JJ00",7504
"Bus_inc_aanhanger","60-65","PV26  ","2023JJ00",3273
"Bus_inc_aanhanger","60-65","PV27  ","2023JJ00",6307
"Bus_inc_aanhanger","60-65","PV28  ","2023JJ00",8849
"Bus_inc_aanhanger","60-65","PV29  ","2023JJ00",1505
"Bus_inc_aanhanger","60-65","PV30  ","2023JJ00",9173
"Bus_inc_aanhanger","60-65","PV31  ","2023JJ00",3992
"Bus_inc_aanhanger","60-65","PV99  ","2023JJ00",103
"Bus_inc_aanhanger","65-70","PV20  ","2023JJ00",1622
"Bus_inc_aanhanger","65-70","PV21  ","2023JJ00",2308
"Bus_inc_aanhanger","65-70","PV22  ","2023JJ00",1863
"Bus_inc_aanhanger","65-70","PV23  ","2023JJ00",3260
"Bus_inc_aanhanger","65-70","PV24  ","2023JJ00",991
"Bus_inc_aanhanger","65-70","PV25  ","2023JJ00",6622
"Bus_inc_aanhanger","65-70","PV26  ","2023JJ00",2922
"Bus_inc_aanhanger","65-70","PV27  ","2023JJ00",5671
"Bus_inc_aanhanger","65-70","PV28  ","2023JJ00",7942
"Bus_inc_aanhanger","65-70","PV29  ","2023JJ00",1382
"Bus_inc_aanhanger","65-70","PV30  ","2023JJ00",7782
"Bus_inc_aanhanger","65-70","PV31  ","2023JJ00",3425
"Bus_inc_aanhanger","65-70","PV99  ","2023JJ00",75
"Bus_inc_aanhanger","70-75","PV20  ","2023JJ00",890
"Bus_inc_aanhanger","70-75","PV21  ","2023JJ00",1389
"Bus_inc_aanhanger","70-75","PV22  ","2023JJ00",1057
"Bus_inc_aanhanger","70-75","PV23  ","2023JJ00",1802
"Bus_inc_aanhanger","70-75","PV24  ","2023JJ00",521
"Bus_inc_aanhanger","70-75","PV25  ","2023JJ00",3761
"Bus_inc_aanhanger","70-75","PV26  ","2023JJ00",1724
"Bus_inc_aanhanger","70-75","PV27  ","2023JJ00",3441
"Bus_inc_aanhanger","70-75","PV28  ","2023JJ00",4501
"Bus_inc_aanhanger","70-75","PV29  ","2023JJ00",762
"Bus_inc_aanhanger","70-75","PV30  ","2023JJ00",4642
"Bus_inc_aanhanger","70-75","PV31  ","2023JJ00",2082
"Bus_inc_aanhanger","70-75","PV99  ","2023JJ00",43
"Bus_inc_aanhanger","75+","PV20  ","2023JJ00",680
"Bus_inc_aanhanger","75+","PV21  ","2023JJ00",1150
"Bus_inc_aanhanger","75+","PV22  ","2023JJ00",757
"Bus_inc_aanhanger","75+","PV23  ","2023JJ00",1317
"Bus_inc_aanhanger","75+","PV24  ","2023JJ00",306
"Bus_inc_aanhanger","75+","PV25  ","2023JJ00",2770
"Bus_inc_aanhanger","75+","PV26  ","2023JJ00",1310
"Bus_inc_aanhanger","75+","PV27  ","2023JJ00",2645
"Bus_inc_aanhanger","75+","PV28  ","2023JJ00",3485
"Bus_inc_aanhanger","75+","PV29  ","2023JJ00",605
"Bus_inc_aanhanger","75+","PV30  ","2023JJ00",3047
"Bus_inc_aanhanger","75+","PV31  ","2023JJ00",1350
"Bus_inc_aanhanger","75+","PV99  ","2023JJ00",16
"Bus_inc_aanhanger","onbekend","PV20  ","2023JJ00",0
"Bus_inc_aanhanger","onbekend","PV21  ","2023JJ00",0
"Bus_inc_aanhanger","onbekend","PV22  ","2023JJ00",0
"Bus_inc_aanhanger","onbekend","PV23  ","2023JJ00",0
"Bus_inc_aanhanger","onbekend","PV24  ","2023JJ00",0
"Bus_inc_aanhanger","onbekend","PV25  ","2023JJ00",0
"Bus_inc_aanhanger","onbekend","PV26  ","2023JJ00",0
"Bus_inc_aanhanger","onbekend","PV27  ","2023JJ00",0
"Bus_inc_aanhanger","onbekend","PV28  ","2023JJ00",0
"Bus_inc_aanhanger","onbekend","PV29  ","2023JJ00",0
"Bus_inc_aanhanger","onbekend","PV30  ","2023JJ00",0
"Bus_inc_aanhanger","onbekend","PV31  ","2023JJ00",0
"Bus_inc_aanhanger","onbekend","PV99  ","2023JJ00",0
"Bromfiets","Totaal","PV20  ","2023JJ00",390089
"Bromfiets","Totaal","PV21  ","2023JJ00",448118
"Bromfiets","Totaal","PV22  ","2023JJ00",353063
"Bromfiets","Totaal","PV23  ","2023JJ00",806553
"Bromfiets","Totaal","PV24  ","2023JJ00",275086
"Bromfiets","Totaal","PV25  ","2023JJ00",1461175
"Bromfiets","Totaal","PV26  ","2023JJ00",912808
"Bromfiets","Totaal","PV27  ","2023JJ00",1837713
"Bromfiets","Totaal","PV28  ","2023JJ00",2348948
"Bromfiets","Totaal","PV29  ","2023JJ00",269873
"Bromfiets","Totaal","PV30  ","2023JJ00",1806889
"Bromfiets","Totaal","PV31  ","2023JJ00",775966
"Bromfiets","Totaal","PV99  ","2023JJ00",44595
"Bromfiets","16-18","PV20  ","2023JJ00",1335
"Bromfiets","16-18","PV21  ","2023JJ00",1487
"Bromfiets","16-18","PV22  ","2023JJ00",1671
"Bromfiets","16-18","PV23  ","2023JJ00",3901
"Bromfiets","16-18","PV24  ","2023JJ00",1425
"Bromfiets","16-18","PV25  ","2023JJ00",7516
"Bromfiets","16-18","PV26  ","2023JJ00",5360
"Bromfiets","16-18","PV27  ","2023JJ00",9895
"Bromfiets","16-18","PV28  ","2023JJ00",12324
"Bromfiets","16-18","PV29  ","2023JJ00",1962
"Bromfiets","16-18","PV30  ","2023JJ00",9371
"Bromfiets","16-18","PV31  ","2023JJ00",3008
"Bromfiets","16-18","PV99  ","2023JJ00",1
"Bromfiets","18-20","PV20  ","2023JJ00",6739
"Bromfiets","18-20","PV21  ","2023JJ00",7701
"Bromfiets","18-20","PV22  ","2023JJ00",6166
"Bromfiets","18-20","PV23  ","2023JJ00",15506
"Bromfiets","18-20","PV24  ","2023JJ00",4760
"Bromfiets","18-20","PV25  ","2023JJ00",26584
"Bromfiets","18-20","PV26  ","2023JJ00",16264
"Bromfiets","18-20","PV27  ","2023JJ00",28576
"Bromfiets","18-20","PV28  ","2023JJ00",37905
"Bromfiets","18-20","PV29  ","2023JJ00",4830
"Bromfiets","18-20","PV30  ","2023JJ00",31643
"Bromfiets","18-20","PV31  ","2023JJ00",12606
"Bromfiets","18-20","PV99  ","2023JJ00",8
"Bromfiets","20-25","PV20  ","2023JJ00",33888
"Bromfiets","20-25","PV21  ","2023JJ00",29503
"Bromfiets","20-25","PV22  ","2023JJ00",20840
"Bromfiets","20-25","PV23  ","2023JJ00",58678
"Bromfiets","20-25","PV24  ","2023JJ00",17886
"Bromfiets","20-25","PV25  ","2023JJ00",102939
"Bromfiets","20-25","PV26  ","2023JJ00",65560
"Bromfiets","20-25","PV27  ","2023JJ00",116273
"Bromfiets","20-25","PV28  ","2023JJ00",162678
"Bromfiets","20-25","PV29  ","2023JJ00",16178
"Bromfiets","20-25","PV30  ","2023JJ00",123579
"Bromfiets","20-25","PV31  ","2023JJ00",48021
"Bromfiets","20-25","PV99  ","2023JJ00",228
"Bromfiets","25-30","PV20  ","2023JJ00",32383
"Bromfiets","25-30","PV21  ","2023JJ00",29906
"Bromfiets","25-30","PV22  ","2023JJ00",19775
"Bromfiets","25-30","PV23  ","2023JJ00",59958
"Bromfiets","25-30","PV24  ","2023JJ00",20271
"Bromfiets","25-30","PV25  ","2023JJ00",105034
"Bromfiets","25-30","PV26  ","2023JJ00",76429
"Bromfiets","25-30","PV27  ","2023JJ00",145271
"Bromfiets","25-30","PV28  ","2023JJ00",185842
"Bromfiets","25-30","PV29  ","2023JJ00",16982
"Bromfiets","25-30","PV30  ","2023JJ00",132703
"Bromfiets","25-30","PV31  ","2023JJ00",49642
"Bromfiets","25-30","PV99  ","2023JJ00",1520
"Bromfiets","30-40","PV20  ","2023JJ00",57521
"Bromfiets","30-40","PV21  ","2023JJ00",63051
"Bromfiets","30-40","PV22  ","2023JJ00",46741
"Bromfiets","30-40","PV23  ","2023JJ00",123934
"Bromfiets","30-40","PV24  ","2023JJ00",50922
"Bromfiets","30-40","PV25  ","2023JJ00",216154
"Bromfiets","30-40","PV26  ","2023JJ00",162092
"Bromfiets","30-40","PV27  ","2023JJ00",321627
"Bromfiets","30-40","PV28  ","2023JJ00",403420
"Bromfiets","30-40","PV29  ","2023JJ00",37012
"Bromfiets","30-40","PV30  ","2023JJ00",279119
"Bromfiets","30-40","PV31  ","2023JJ00",108307
"Bromfiets","30-40","PV99  ","2023JJ00",8803
"Bromfiets","40-50","PV20  ","2023JJ00",56439
"Bromfiets","40-50","PV21  ","2023JJ00",67198
"Bromfiets","40-50","PV22  ","2023JJ00",52373
"Bromfiets","40-50","PV23  ","2023JJ00",126644
"Bromfiets","40-50","PV24  ","2023JJ00",47456
"Bromfiets","40-50","PV25  ","2023JJ00",221321
"Bromfiets","40-50","PV26  ","2023JJ00",152104
"Bromfiets","40-50","PV27  ","2023JJ00",304175
"Bromfiets","40-50","PV28  ","2023JJ00",388929
"Bromfiets","40-50","PV29  ","2023JJ00",39425
"Bromfiets","40-50","PV30  ","2023JJ00",278050
"Bromfiets","40-50","PV31  ","2023JJ00",107760
"Bromfiets","40-50","PV99  ","2023JJ00",11116
"Bromfiets","50-60","PV20  ","2023JJ00",73617
"Bromfiets","50-60","PV21  ","2023JJ00",90324
"Bromfiets","50-60","PV22  ","2023JJ00",72065
"Bromfiets","50-60","PV23  ","2023JJ00",156840
"Bromfiets","50-60","PV24  ","2023JJ00",55436
"Bromfiets","50-60","PV25  ","2023JJ00",290427
"Bromfiets","50-60","PV26  ","2023JJ00",173401
"Bromfiets","50-60","PV27  ","2023JJ00",355843
"Bromfiets","50-60","PV28  ","2023JJ00",451466
"Bromfiets","50-60","PV29  ","2023JJ00",53712
"Bromfiets","50-60","PV30  ","2023JJ00",355072
"Bromfiets","50-60","PV31  ","2023JJ00",154692
"Bromfiets","50-60","PV99  ","2023JJ00",12562
"Bromfiets","60-65","PV20  ","2023JJ00",34892
"Bromfiets","60-65","PV21  ","2023JJ00",42457
"Bromfiets","60-65","PV22  ","2023JJ00",35038
"Bromfiets","60-65","PV23  ","2023JJ00",72132
"Bromfiets","60-65","PV24  ","2023JJ00",25056
"Bromfiets","60-65","PV25  ","2023JJ00",136587
"Bromfiets","60-65","PV26  ","2023JJ00",75292
"Bromfiets","60-65","PV27  ","2023JJ00",158584
"Bromfiets","60-65","PV28  ","2023JJ00",202746
"Bromfiets","60-65","PV29  ","2023JJ00",25359
"Bromfiets","60-65","PV30  ","2023JJ00",166938
"Bromfiets","60-65","PV31  ","2023JJ00",81229
"Bromfiets","60-65","PV99  ","2023JJ00",4705
"Bromfiets","65-70","PV20  ","2023JJ00",31329
"Bromfiets","65-70","PV21  ","2023JJ00",38188
"Bromfiets","65-70","PV22  ","2023JJ00",32090
"Bromfiets","65-70","PV23  ","2023JJ00",62580
"Bromfiets","65-70","PV24  ","2023JJ00",20291
"Bromfiets","65-70","PV25  ","2023JJ00",118087
"Bromfiets","65-70","PV26  ","2023JJ00",62487
"Bromfiets","65-70","PV27  ","2023JJ00",131370
"Bromfiets","65-70","PV28  ","2023JJ00",170734
"Bromfiets","65-70","PV29  ","2023JJ00",23778
"Bromfiets","65-70","PV30  ","2023JJ00",141941
"Bromfiets","65-70","PV31  ","2023JJ00",71179
"Bromfiets","65-70","PV99  ","2023JJ00",3014
"Bromfiets","70-75","PV20  ","2023JJ00",27055
"Bromfiets","70-75","PV21  ","2023JJ00",33119
"Bromfiets","70-75","PV22  ","2023JJ00",28208
"Bromfiets","70-75","PV23  ","2023JJ00",54338
"Bromfiets","70-75","PV24  ","2023JJ00",15425
"Bromfiets","70-75","PV25  ","2023JJ00",103223
"Bromfiets","70-75","PV26  ","2023JJ00",53887
"Bromfiets","70-75","PV27  ","2023JJ00",115937
"Bromfiets","70-75","PV28  ","2023JJ00",147427
"Bromfiets","70-75","PV29  ","2023JJ00",21164
"Bromfiets","70-75","PV30  ","2023JJ00",126683
"Bromfiets","70-75","PV31  ","2023JJ00",62193
"Bromfiets","70-75","PV99  ","2023JJ00",1966
"Bromfiets","75+","PV20  ","2023JJ00",34891
"Bromfiets","75+","PV21  ","2023JJ00",45184
"Bromfiets","75+","PV22  ","2023JJ00",38096
"Bromfiets","75+","PV23  ","2023JJ00",72042
"Bromfiets","75+","PV24  ","2023JJ00",16158
"Bromfiets","75+","PV25  ","2023JJ00",133303
"Bromfiets","75+","PV26  ","2023JJ00",69932
"Bromfiets","75+","PV27  ","2023JJ00",150162
"Bromfiets","75+","PV28  ","2023JJ00",185477
"Bromfiets","75+","PV29  ","2023JJ00",29471
"Bromfiets","75+","PV30  ","2023JJ00",161790
"Bromfiets","75+","PV31  ","2023JJ00",77329
"Bromfiets","75+","PV99  ","2023JJ00",672
"Bromfiets","onbekend","PV20  ","2023JJ00",0
"Bromfiets","onbekend","PV21  ","2023JJ00",0
"Bromfiets","onbekend","PV22  ","2023JJ00",0
"Bromfiets","onbekend","PV23  ","2023JJ00",0
"Bromfiets","onbekend","PV24  ","2023JJ00",0
"Bromfiets","onbekend","PV25  ","2023JJ00",0
"Bromfiets","onbekend","PV26  ","2023JJ00",0
"Bromfiets","onbekend","PV27  ","2023JJ00",0
"Bromfiets","onbekend","PV28  ","2023JJ00",0
"Bromfiets","onbekend","PV29  ","2023JJ00",0
"Bromfiets","onbekend","PV30  ","2023JJ00",0
"Bromfiets","onbekend","PV31  ","2023JJ00",0
"Bromfiets","onbekend","PV99  ","2023JJ00",0
"Motor","Totaal","PV20  ","2023JJ00",51739
"Motor","Totaal","PV21  ","2023JJ00",62794
"Motor","Totaal","PV22  ","2023JJ00",59017
"Motor","Totaal","PV23  ","2023JJ00",112382
"Motor","Totaal","PV24  ","2023JJ00",36838
"Motor","Totaal","PV25  ","2023JJ00",202345
"Motor","Totaal","PV26  ","2023JJ00",107032
"Motor","Totaal","PV27  ","2023JJ00",233803
"Motor","Totaal","PV28  ","2023JJ00",261489
"Motor","Totaal","PV29  ","2023JJ00",41238
"Motor","Totaal","PV30  ","2023JJ00",243946
"Motor","Totaal","PV31  ","2023JJ00",103224
"Motor","Totaal","PV99  ","2023JJ00",6234
"Motor","16-18","PV20  ","2023JJ00",NA
"Motor","16-18","PV21  ","2023JJ00",NA
"Motor","16-18","PV22  ","2023JJ00",NA
"Motor","16-18","PV23  ","2023JJ00",NA
"Motor","16-18","PV24  ","2023JJ00",NA
"Motor","16-18","PV25  ","2023JJ00",NA
"Motor","16-18","PV26  ","2023JJ00",NA
"Motor","16-18","PV27  ","2023JJ00",NA
"Motor","16-18","PV28  ","2023JJ00",NA
"Motor","16-18","PV29  ","2023JJ00",NA
"Motor","16-18","PV30  ","2023JJ00",NA
"Motor","16-18","PV31  ","2023JJ00",NA
"Motor","16-18","PV99  ","2023JJ00",NA
"Motor","18-20","PV20  ","2023JJ00",31
"Motor","18-20","PV21  ","2023JJ00",26
"Motor","18-20","PV22  ","2023JJ00",18
"Motor","18-20","PV23  ","2023JJ00",60
"Motor","18-20","PV24  ","2023JJ00",12
"Motor","18-20","PV25  ","2023JJ00",88
"Motor","18-20","PV26  ","2023JJ00",67
"Motor","18-20","PV27  ","2023JJ00",236
"Motor","18-20","PV28  ","2023JJ00",167
"Motor","18-20","PV29  ","2023JJ00",13
"Motor","18-20","PV30  ","2023JJ00",103
"Motor","18-20","PV31  ","2023JJ00",51
"Motor","18-20","PV99  ","2023JJ00",0
"Motor","20-25","PV20  ","2023JJ00",858
"Motor","20-25","PV21  ","2023JJ00",886
"Motor","20-25","PV22  ","2023JJ00",675
"Motor","20-25","PV23  ","2023JJ00",1883
"Motor","20-25","PV24  ","2023JJ00",623
"Motor","20-25","PV25  ","2023JJ00",3146
"Motor","20-25","PV26  ","2023JJ00",2142
"Motor","20-25","PV27  ","2023JJ00",4558
"Motor","20-25","PV28  ","2023JJ00",5779
"Motor","20-25","PV29  ","2023JJ00",700
"Motor","20-25","PV30  ","2023JJ00",3569
"Motor","20-25","PV31  ","2023JJ00",1467
"Motor","20-25","PV99  ","2023JJ00",1
"Motor","25-30","PV20  ","2023JJ00",2456
"Motor","25-30","PV21  ","2023JJ00",2383
"Motor","25-30","PV22  ","2023JJ00",1940
"Motor","25-30","PV23  ","2023JJ00",4630
"Motor","25-30","PV24  ","2023JJ00",1853
"Motor","25-30","PV25  ","2023JJ00",8060
"Motor","25-30","PV26  ","2023JJ00",5620
"Motor","25-30","PV27  ","2023JJ00",12084
"Motor","25-30","PV28  ","2023JJ00",14228
"Motor","25-30","PV29  ","2023JJ00",1619
"Motor","25-30","PV30  ","2023JJ00",10087
"Motor","25-30","PV31  ","2023JJ00",3709
"Motor","25-30","PV99  ","2023JJ00",62
"Motor","30-40","PV20  ","2023JJ00",6851
"Motor","30-40","PV21  ","2023JJ00",7454
"Motor","30-40","PV22  ","2023JJ00",6507
"Motor","30-40","PV23  ","2023JJ00",14296
"Motor","30-40","PV24  ","2023JJ00",6870
"Motor","30-40","PV25  ","2023JJ00",24072
"Motor","30-40","PV26  ","2023JJ00",16870
"Motor","30-40","PV27  ","2023JJ00",38300
"Motor","30-40","PV28  ","2023JJ00",40087
"Motor","30-40","PV29  ","2023JJ00",4516
"Motor","30-40","PV30  ","2023JJ00",31318
"Motor","30-40","PV31  ","2023JJ00",11988
"Motor","30-40","PV99  ","2023JJ00",701
"Motor","40-50","PV20  ","2023JJ00",8097
"Motor","40-50","PV21  ","2023JJ00",10161
"Motor","40-50","PV22  ","2023JJ00",9269
"Motor","40-50","PV23  ","2023JJ00",19372
"Motor","40-50","PV24  ","2023JJ00",6345
"Motor","40-50","PV25  ","2023JJ00",31962
"Motor","40-50","PV26  ","2023JJ00",17315
"Motor","40-50","PV27  ","2023JJ00",36914
"Motor","40-50","PV28  ","2023JJ00",41780
"Motor","40-50","PV29  ","2023JJ00",5902
"Motor","40-50","PV30  ","2023JJ00",38921
"Motor","40-50","PV31  ","2023JJ00",15092
"Motor","40-50","PV99  ","2023JJ00",1243
"Motor","50-60","PV20  ","2023JJ00",14796
"Motor","50-60","PV21  ","2023JJ00",19165
"Motor","50-60","PV22  ","2023JJ00",18064
"Motor","50-60","PV23  ","2023JJ00",33003
"Motor","50-60","PV24  ","2023JJ00",9401
"Motor","50-60","PV25  ","2023JJ00",59262
"Motor","50-60","PV26  ","2023JJ00",28649
"Motor","50-60","PV27  ","2023JJ00",59764
"Motor","50-60","PV28  ","2023JJ00",68190
"Motor","50-60","PV29  ","2023JJ00",12516
"Motor","50-60","PV30  ","2023JJ00",73119
"Motor","50-60","PV31  ","2023JJ00",30067
"Motor","50-60","PV99  ","2023JJ00",2310
"Motor","60-65","PV20  ","2023JJ00",6716
"Motor","60-65","PV21  ","2023JJ00",8266
"Motor","60-65","PV22  ","2023JJ00",8087
"Motor","60-65","PV23  ","2023JJ00",13761
"Motor","60-65","PV24  ","2023JJ00",4514
"Motor","60-65","PV25  ","2023JJ00",27293
"Motor","60-65","PV26  ","2023JJ00",12969
"Motor","60-65","PV27  ","2023JJ00",28628
"Motor","60-65","PV28  ","2023JJ00",32059
"Motor","60-65","PV29  ","2023JJ00",5616
"Motor","60-65","PV30  ","2023JJ00",32588
"Motor","60-65","PV31  ","2023JJ00",15092
"Motor","60-65","PV99  ","2023JJ00",944
"Motor","65-70","PV20  ","2023JJ00",4685
"Motor","65-70","PV21  ","2023JJ00",5407
"Motor","65-70","PV22  ","2023JJ00",5582
"Motor","65-70","PV23  ","2023JJ00",9249
"Motor","65-70","PV24  ","2023JJ00",3052
"Motor","65-70","PV25  ","2023JJ00",17956
"Motor","65-70","PV26  ","2023JJ00",8575
"Motor","65-70","PV27  ","2023JJ00",19139
"Motor","65-70","PV28  ","2023JJ00",21267
"Motor","65-70","PV29  ","2023JJ00",3971
"Motor","65-70","PV30  ","2023JJ00",20846
"Motor","65-70","PV31  ","2023JJ00",10207
"Motor","65-70","PV99  ","2023JJ00",546
"Motor","70-75","PV20  ","2023JJ00",3020
"Motor","70-75","PV21  ","2023JJ00",3503
"Motor","70-75","PV22  ","2023JJ00",3619
"Motor","70-75","PV23  ","2023JJ00",6076
"Motor","70-75","PV24  ","2023JJ00",1838
"Motor","70-75","PV25  ","2023JJ00",12061
"Motor","70-75","PV26  ","2023JJ00",5605
"Motor","70-75","PV27  ","2023JJ00",12768
"Motor","70-75","PV28  ","2023JJ00",13978
"Motor","70-75","PV29  ","2023JJ00",2578
"Motor","70-75","PV30  ","2023JJ00",14059
"Motor","70-75","PV31  ","2023JJ00",6607
"Motor","70-75","PV99  ","2023JJ00",303
"Motor","75+","PV20  ","2023JJ00",4229
"Motor","75+","PV21  ","2023JJ00",5543
"Motor","75+","PV22  ","2023JJ00",5256
"Motor","75+","PV23  ","2023JJ00",10052
"Motor","75+","PV24  ","2023JJ00",2330
"Motor","75+","PV25  ","2023JJ00",18445
"Motor","75+","PV26  ","2023JJ00",9220
"Motor","75+","PV27  ","2023JJ00",21412
"Motor","75+","PV28  ","2023JJ00",23954
"Motor","75+","PV29  ","2023JJ00",3807
"Motor","75+","PV30  ","2023JJ00",19336
"Motor","75+","PV31  ","2023JJ00",8944
"Motor","75+","PV99  ","2023JJ00",124
"Motor","onbekend","PV20  ","2023JJ00",0
"Motor","onbekend","PV21  ","2023JJ00",0
"Motor","onbekend","PV22  ","2023JJ00",0
"Motor","onbekend","PV23  ","2023JJ00",0
"Motor","onbekend","PV24  ","2023JJ00",0
"Motor","onbekend","PV25  ","2023JJ00",0
"Motor","onbekend","PV26  ","2023JJ00",0
"Motor","onbekend","PV27  ","2023JJ00",0
"Motor","onbekend","PV28  ","2023JJ00",0
"Motor","onbekend","PV29  ","2023JJ00",0
"Motor","onbekend","PV30  ","2023JJ00",0
"Motor","onbekend","PV31  ","2023JJ00",0
"Motor","onbekend","PV99  ","2023JJ00",0
"Vrachtauto","Totaal","PV20  ","2023JJ00",17447
"Vrachtauto","Totaal","PV21  ","2023JJ00",26005
"Vrachtauto","Totaal","PV22  ","2023JJ00",20585
"Vrachtauto","Totaal","PV23  ","2023JJ00",38881
"Vrachtauto","Totaal","PV24  ","2023JJ00",11412
"Vrachtauto","Totaal","PV25  ","2023JJ00",74839
"Vrachtauto","Totaal","PV26  ","2023JJ00",32257
"Vrachtauto","Totaal","PV27  ","2023JJ00",63875
"Vrachtauto","Totaal","PV28  ","2023JJ00",90506
"Vrachtauto","Totaal","PV29  ","2023JJ00",16089
"Vrachtauto","Totaal","PV30  ","2023JJ00",88712
"Vrachtauto","Totaal","PV31  ","2023JJ00",37222
"Vrachtauto","Totaal","PV99  ","2023JJ00",842
"Vrachtauto","16-18","PV20  ","2023JJ00",NA
"Vrachtauto","16-18","PV21  ","2023JJ00",NA
"Vrachtauto","16-18","PV22  ","2023JJ00",NA
"Vrachtauto","16-18","PV23  ","2023JJ00",NA
"Vrachtauto","16-18","PV24  ","2023JJ00",NA
"Vrachtauto","16-18","PV25  ","2023JJ00",NA
"Vrachtauto","16-18","PV26  ","2023JJ00",NA
"Vrachtauto","16-18","PV27  ","2023JJ00",NA
"Vrachtauto","16-18","PV28  ","2023JJ00",NA
"Vrachtauto","16-18","PV29  ","2023JJ00",NA
"Vrachtauto","16-18","PV30  ","2023JJ00",NA
"Vrachtauto","16-18","PV31  ","2023JJ00",NA
"Vrachtauto","16-18","PV99  ","2023JJ00",NA
"Vrachtauto","18-20","PV20  ","2023JJ00",70
"Vrachtauto","18-20","PV21  ","2023JJ00",59
"Vrachtauto","18-20","PV22  ","2023JJ00",63
"Vrachtauto","18-20","PV23  ","2023JJ00",134
"Vrachtauto","18-20","PV24  ","2023JJ00",20
"Vrachtauto","18-20","PV25  ","2023JJ00",198
"Vrachtauto","18-20","PV26  ","2023JJ00",83
"Vrachtauto","18-20","PV27  ","2023JJ00",101
"Vrachtauto","18-20","PV28  ","2023JJ00",197
"Vrachtauto","18-20","PV29  ","2023JJ00",37
"Vrachtauto","18-20","PV30  ","2023JJ00",196
"Vrachtauto","18-20","PV31  ","2023JJ00",60
"Vrachtauto","18-20","PV99  ","2023JJ00",0
"Vrachtauto","20-25","PV20  ","2023JJ00",473
"Vrachtauto","20-25","PV21  ","2023JJ00",655
"Vrachtauto","20-25","PV22  ","2023JJ00",606
"Vrachtauto","20-25","PV23  ","2023JJ00",1137
"Vrachtauto","20-25","PV24  ","2023JJ00",229
"Vrachtauto","20-25","PV25  ","2023JJ00",1990
"Vrachtauto","20-25","PV26  ","2023JJ00",797
"Vrachtauto","20-25","PV27  ","2023JJ00",1069
"Vrachtauto","20-25","PV28  ","2023JJ00",1806
"Vrachtauto","20-25","PV29  ","2023JJ00",369
"Vrachtauto","20-25","PV30  ","2023JJ00",2061
"Vrachtauto","20-25","PV31  ","2023JJ00",609
"Vrachtauto","20-25","PV99  ","2023JJ00",1
"Vrachtauto","25-30","PV20  ","2023JJ00",722
"Vrachtauto","25-30","PV21  ","2023JJ00",1091
"Vrachtauto","25-30","PV22  ","2023JJ00",798
"Vrachtauto","25-30","PV23  ","2023JJ00",1785
"Vrachtauto","25-30","PV24  ","2023JJ00",433
"Vrachtauto","25-30","PV25  ","2023JJ00",3078
"Vrachtauto","25-30","PV26  ","2023JJ00",1349
"Vrachtauto","25-30","PV27  ","2023JJ00",2456
"Vrachtauto","25-30","PV28  ","2023JJ00",3562
"Vrachtauto","25-30","PV29  ","2023JJ00",677
"Vrachtauto","25-30","PV30  ","2023JJ00",3662
"Vrachtauto","25-30","PV31  ","2023JJ00",1252
"Vrachtauto","25-30","PV99  ","2023JJ00",12
"Vrachtauto","30-40","PV20  ","2023JJ00",2163
"Vrachtauto","30-40","PV21  ","2023JJ00",3207
"Vrachtauto","30-40","PV22  ","2023JJ00",2567
"Vrachtauto","30-40","PV23  ","2023JJ00",5038
"Vrachtauto","30-40","PV24  ","2023JJ00",1636
"Vrachtauto","30-40","PV25  ","2023JJ00",9330
"Vrachtauto","30-40","PV26  ","2023JJ00",3814
"Vrachtauto","30-40","PV27  ","2023JJ00",7614
"Vrachtauto","30-40","PV28  ","2023JJ00",11678
"Vrachtauto","30-40","PV29  ","2023JJ00",2018
"Vrachtauto","30-40","PV30  ","2023JJ00",10991
"Vrachtauto","30-40","PV31  ","2023JJ00",4289
"Vrachtauto","30-40","PV99  ","2023JJ00",78
"Vrachtauto","40-50","PV20  ","2023JJ00",2877
"Vrachtauto","40-50","PV21  ","2023JJ00",4245
"Vrachtauto","40-50","PV22  ","2023JJ00",3347
"Vrachtauto","40-50","PV23  ","2023JJ00",6680
"Vrachtauto","40-50","PV24  ","2023JJ00",1892
"Vrachtauto","40-50","PV25  ","2023JJ00",12054
"Vrachtauto","40-50","PV26  ","2023JJ00",5179
"Vrachtauto","40-50","PV27  ","2023JJ00",10200
"Vrachtauto","40-50","PV28  ","2023JJ00",14982
"Vrachtauto","40-50","PV29  ","2023JJ00",2724
"Vrachtauto","40-50","PV30  ","2023JJ00",14037
"Vrachtauto","40-50","PV31  ","2023JJ00",5951
"Vrachtauto","40-50","PV99  ","2023JJ00",159
"Vrachtauto","50-60","PV20  ","2023JJ00",5053
"Vrachtauto","50-60","PV21  ","2023JJ00",7507
"Vrachtauto","50-60","PV22  ","2023JJ00",5992
"Vrachtauto","50-60","PV23  ","2023JJ00",11307
"Vrachtauto","50-60","PV24  ","2023JJ00",3314
"Vrachtauto","50-60","PV25  ","2023JJ00",22259
"Vrachtauto","50-60","PV26  ","2023JJ00",9416
"Vrachtauto","50-60","PV27  ","2023JJ00",18684
"Vrachtauto","50-60","PV28  ","2023JJ00",26658
"Vrachtauto","50-60","PV29  ","2023JJ00",4767
"Vrachtauto","50-60","PV30  ","2023JJ00",26383
"Vrachtauto","50-60","PV31  ","2023JJ00",11258
"Vrachtauto","50-60","PV99  ","2023JJ00",294
"Vrachtauto","60-65","PV20  ","2023JJ00",2329
"Vrachtauto","60-65","PV21  ","2023JJ00",3528
"Vrachtauto","60-65","PV22  ","2023JJ00",2817
"Vrachtauto","60-65","PV23  ","2023JJ00",5228
"Vrachtauto","60-65","PV24  ","2023JJ00",1583
"Vrachtauto","60-65","PV25  ","2023JJ00",10356
"Vrachtauto","60-65","PV26  ","2023JJ00",4630
"Vrachtauto","60-65","PV27  ","2023JJ00",9392
"Vrachtauto","60-65","PV28  ","2023JJ00",12718
"Vrachtauto","60-65","PV29  ","2023JJ00",2137
"Vrachtauto","60-65","PV30  ","2023JJ00",12870
"Vrachtauto","60-65","PV31  ","2023JJ00",5646
"Vrachtauto","60-65","PV99  ","2023JJ00",148
"Vrachtauto","65-70","PV20  ","2023JJ00",1904
"Vrachtauto","65-70","PV21  ","2023JJ00",2755
"Vrachtauto","65-70","PV22  ","2023JJ00",2230
"Vrachtauto","65-70","PV23  ","2023JJ00",3905
"Vrachtauto","65-70","PV24  ","2023JJ00",1257
"Vrachtauto","65-70","PV25  ","2023JJ00",7931
"Vrachtauto","65-70","PV26  ","2023JJ00",3467
"Vrachtauto","65-70","PV27  ","2023JJ00",7096
"Vrachtauto","65-70","PV28  ","2023JJ00",9667
"Vrachtauto","65-70","PV29  ","2023JJ00",1701
"Vrachtauto","65-70","PV30  ","2023JJ00",9469
"Vrachtauto","65-70","PV31  ","2023JJ00",4132
"Vrachtauto","65-70","PV99  ","2023JJ00",85
"Vrachtauto","70-75","PV20  ","2023JJ00",1042
"Vrachtauto","70-75","PV21  ","2023JJ00",1602
"Vrachtauto","70-75","PV22  ","2023JJ00",1253
"Vrachtauto","70-75","PV23  ","2023JJ00",2059
"Vrachtauto","70-75","PV24  ","2023JJ00",646
"Vrachtauto","70-75","PV25  ","2023JJ00",4340
"Vrachtauto","70-75","PV26  ","2023JJ00",1968
"Vrachtauto","70-75","PV27  ","2023JJ00",4070
"Vrachtauto","70-75","PV28  ","2023JJ00",5144
"Vrachtauto","70-75","PV29  ","2023JJ00",913
"Vrachtauto","70-75","PV30  ","2023JJ00",5378
"Vrachtauto","70-75","PV31  ","2023JJ00",2419
"Vrachtauto","70-75","PV99  ","2023JJ00",47
"Vrachtauto","75+","PV20  ","2023JJ00",814
"Vrachtauto","75+","PV21  ","2023JJ00",1356
"Vrachtauto","75+","PV22  ","2023JJ00",912
"Vrachtauto","75+","PV23  ","2023JJ00",1608
"Vrachtauto","75+","PV24  ","2023JJ00",402
"Vrachtauto","75+","PV25  ","2023JJ00",3303
"Vrachtauto","75+","PV26  ","2023JJ00",1554
"Vrachtauto","75+","PV27  ","2023JJ00",3193
"Vrachtauto","75+","PV28  ","2023JJ00",4094
"Vrachtauto","75+","PV29  ","2023JJ00",746
"Vrachtauto","75+","PV30  ","2023JJ00",3665
"Vrachtauto","75+","PV31  ","2023JJ00",1606
"Vrachtauto","75+","PV99  ","2023JJ00",18
"Vrachtauto","onbekend","PV20  ","2023JJ00",0
"Vrachtauto","onbekend","PV21  ","2023JJ00",0
"Vrachtauto","onbekend","PV22  ","2023JJ00",0
"Vrachtauto","onbekend","PV23  ","2023JJ00",0
"Vrachtauto","onbekend","PV24  ","2023JJ00",0
"Vrachtauto","onbekend","PV25  ","2023JJ00",0
"Vrachtauto","onbekend","PV26  ","2023JJ00",0
"Vrachtauto","onbekend","PV27  ","2023JJ00",0
"Vrachtauto","onbekend","PV28  ","2023JJ00",0
"Vrachtauto","onbekend","PV29  ","2023JJ00",0
"Vrachtauto","onbekend","PV30  ","2023JJ00",0
"Vrachtauto","onbekend","PV31  ","2023JJ00",0
"Vrachtauto","onbekend","PV99  ","2023JJ00",0
"Vrachtauto_ex_aanhanger","Totaal","PV20  ","2023JJ00",3868
"Vrachtauto_ex_aanhanger","Totaal","PV21  ","2023JJ00",5749
"Vrachtauto_ex_aanhanger","Totaal","PV22  ","2023JJ00",4597
"Vrachtauto_ex_aanhanger","Totaal","PV23  ","2023JJ00",8837
"Vrachtauto_ex_aanhanger","Totaal","PV24  ","2023JJ00",3734
"Vrachtauto_ex_aanhanger","Totaal","PV25  ","2023JJ00",17798
"Vrachtauto_ex_aanhanger","Totaal","PV26  ","2023JJ00",9323
"Vrachtauto_ex_aanhanger","Totaal","PV27  ","2023JJ00",20296
"Vrachtauto_ex_aanhanger","Totaal","PV28  ","2023JJ00",26119
"Vrachtauto_ex_aanhanger","Totaal","PV29  ","2023JJ00",3789
"Vrachtauto_ex_aanhanger","Totaal","PV30  ","2023JJ00",23037
"Vrachtauto_ex_aanhanger","Totaal","PV31  ","2023JJ00",8905
"Vrachtauto_ex_aanhanger","Totaal","PV99  ","2023JJ00",253
"Vrachtauto_ex_aanhanger","16-18","PV20  ","2023JJ00",NA
"Vrachtauto_ex_aanhanger","16-18","PV21  ","2023JJ00",NA
"Vrachtauto_ex_aanhanger","16-18","PV22  ","2023JJ00",NA
"Vrachtauto_ex_aanhanger","16-18","PV23  ","2023JJ00",NA
"Vrachtauto_ex_aanhanger","16-18","PV24  ","2023JJ00",NA
"Vrachtauto_ex_aanhanger","16-18","PV25  ","2023JJ00",NA
"Vrachtauto_ex_aanhanger","16-18","PV26  ","2023JJ00",NA
"Vrachtauto_ex_aanhanger","16-18","PV27  ","2023JJ00",NA
"Vrachtauto_ex_aanhanger","16-18","PV28  ","2023JJ00",NA
"Vrachtauto_ex_aanhanger","16-18","PV29  ","2023JJ00",NA
"Vrachtauto_ex_aanhanger","16-18","PV30  ","2023JJ00",NA
"Vrachtauto_ex_aanhanger","16-18","PV31  ","2023JJ00",NA
"Vrachtauto_ex_aanhanger","16-18","PV99  ","2023JJ00",NA
"Vrachtauto_ex_aanhanger","18-20","PV20  ","2023JJ00",25
"Vrachtauto_ex_aanhanger","18-20","PV21  ","2023JJ00",23
"Vrachtauto_ex_aanhanger","18-20","PV22  ","2023JJ00",22
"Vrachtauto_ex_aanhanger","18-20","PV23  ","2023JJ00",41
"Vrachtauto_ex_aanhanger","18-20","PV24  ","2023JJ00",6
"Vrachtauto_ex_aanhanger","18-20","PV25  ","2023JJ00",72
"Vrachtauto_ex_aanhanger","18-20","PV26  ","2023JJ00",24
"Vrachtauto_ex_aanhanger","18-20","PV27  ","2023JJ00",38
"Vrachtauto_ex_aanhanger","18-20","PV28  ","2023JJ00",63
"Vrachtauto_ex_aanhanger","18-20","PV29  ","2023JJ00",11
"Vrachtauto_ex_aanhanger","18-20","PV30  ","2023JJ00",62
"Vrachtauto_ex_aanhanger","18-20","PV31  ","2023JJ00",24
"Vrachtauto_ex_aanhanger","18-20","PV99  ","2023JJ00",0
"Vrachtauto_ex_aanhanger","20-25","PV20  ","2023JJ00",89
"Vrachtauto_ex_aanhanger","20-25","PV21  ","2023JJ00",157
"Vrachtauto_ex_aanhanger","20-25","PV22  ","2023JJ00",102
"Vrachtauto_ex_aanhanger","20-25","PV23  ","2023JJ00",211
"Vrachtauto_ex_aanhanger","20-25","PV24  ","2023JJ00",76
"Vrachtauto_ex_aanhanger","20-25","PV25  ","2023JJ00",538
"Vrachtauto_ex_aanhanger","20-25","PV26  ","2023JJ00",253
"Vrachtauto_ex_aanhanger","20-25","PV27  ","2023JJ00",396
"Vrachtauto_ex_aanhanger","20-25","PV28  ","2023JJ00",576
"Vrachtauto_ex_aanhanger","20-25","PV29  ","2023JJ00",91
"Vrachtauto_ex_aanhanger","20-25","PV30  ","2023JJ00",602
"Vrachtauto_ex_aanhanger","20-25","PV31  ","2023JJ00",181
"Vrachtauto_ex_aanhanger","20-25","PV99  ","2023JJ00",1
"Vrachtauto_ex_aanhanger","25-30","PV20  ","2023JJ00",185
"Vrachtauto_ex_aanhanger","25-30","PV21  ","2023JJ00",299
"Vrachtauto_ex_aanhanger","25-30","PV22  ","2023JJ00",172
"Vrachtauto_ex_aanhanger","25-30","PV23  ","2023JJ00",451
"Vrachtauto_ex_aanhanger","25-30","PV24  ","2023JJ00",190
"Vrachtauto_ex_aanhanger","25-30","PV25  ","2023JJ00",941
"Vrachtauto_ex_aanhanger","25-30","PV26  ","2023JJ00",508
"Vrachtauto_ex_aanhanger","25-30","PV27  ","2023JJ00",1030
"Vrachtauto_ex_aanhanger","25-30","PV28  ","2023JJ00",1343
"Vrachtauto_ex_aanhanger","25-30","PV29  ","2023JJ00",200
"Vrachtauto_ex_aanhanger","25-30","PV30  ","2023JJ00",1344
"Vrachtauto_ex_aanhanger","25-30","PV31  ","2023JJ00",469
"Vrachtauto_ex_aanhanger","25-30","PV99  ","2023JJ00",5
"Vrachtauto_ex_aanhanger","30-40","PV20  ","2023JJ00",622
"Vrachtauto_ex_aanhanger","30-40","PV21  ","2023JJ00",895
"Vrachtauto_ex_aanhanger","30-40","PV22  ","2023JJ00",710
"Vrachtauto_ex_aanhanger","30-40","PV23  ","2023JJ00",1326
"Vrachtauto_ex_aanhanger","30-40","PV24  ","2023JJ00",714
"Vrachtauto_ex_aanhanger","30-40","PV25  ","2023JJ00",2795
"Vrachtauto_ex_aanhanger","30-40","PV26  ","2023JJ00",1466
"Vrachtauto_ex_aanhanger","30-40","PV27  ","2023JJ00",3378
"Vrachtauto_ex_aanhanger","30-40","PV28  ","2023JJ00",4585
"Vrachtauto_ex_aanhanger","30-40","PV29  ","2023JJ00",621
"Vrachtauto_ex_aanhanger","30-40","PV30  ","2023JJ00",3870
"Vrachtauto_ex_aanhanger","30-40","PV31  ","2023JJ00",1521
"Vrachtauto_ex_aanhanger","30-40","PV99  ","2023JJ00",37
"Vrachtauto_ex_aanhanger","40-50","PV20  ","2023JJ00",775
"Vrachtauto_ex_aanhanger","40-50","PV21  ","2023JJ00",1138
"Vrachtauto_ex_aanhanger","40-50","PV22  ","2023JJ00",959
"Vrachtauto_ex_aanhanger","40-50","PV23  ","2023JJ00",1840
"Vrachtauto_ex_aanhanger","40-50","PV24  ","2023JJ00",772
"Vrachtauto_ex_aanhanger","40-50","PV25  ","2023JJ00",3529
"Vrachtauto_ex_aanhanger","40-50","PV26  ","2023JJ00",1952
"Vrachtauto_ex_aanhanger","40-50","PV27  ","2023JJ00",4017
"Vrachtauto_ex_aanhanger","40-50","PV28  ","2023JJ00",5632
"Vrachtauto_ex_aanhanger","40-50","PV29  ","2023JJ00",785
"Vrachtauto_ex_aanhanger","40-50","PV30  ","2023JJ00",4554
"Vrachtauto_ex_aanhanger","40-50","PV31  ","2023JJ00",1829
"Vrachtauto_ex_aanhanger","40-50","PV99  ","2023JJ00",59
"Vrachtauto_ex_aanhanger","50-60","PV20  ","2023JJ00",1459
"Vrachtauto_ex_aanhanger","50-60","PV21  ","2023JJ00",2198
"Vrachtauto_ex_aanhanger","50-60","PV22  ","2023JJ00",1756
"Vrachtauto_ex_aanhanger","50-60","PV23  ","2023JJ00",3456
"Vrachtauto_ex_aanhanger","50-60","PV24  ","2023JJ00",1309
"Vrachtauto_ex_aanhanger","50-60","PV25  ","2023JJ00",6830
"Vrachtauto_ex_aanhanger","50-60","PV26  ","2023JJ00",3573
"Vrachtauto_ex_aanhanger","50-60","PV27  ","2023JJ00",7659
"Vrachtauto_ex_aanhanger","50-60","PV28  ","2023JJ00",9741
"Vrachtauto_ex_aanhanger","50-60","PV29  ","2023JJ00",1402
"Vrachtauto_ex_aanhanger","50-60","PV30  ","2023JJ00",8634
"Vrachtauto_ex_aanhanger","50-60","PV31  ","2023JJ00",3408
"Vrachtauto_ex_aanhanger","50-60","PV99  ","2023JJ00",107
"Vrachtauto_ex_aanhanger","60-65","PV20  ","2023JJ00",354
"Vrachtauto_ex_aanhanger","60-65","PV21  ","2023JJ00",494
"Vrachtauto_ex_aanhanger","60-65","PV22  ","2023JJ00",402
"Vrachtauto_ex_aanhanger","60-65","PV23  ","2023JJ00",797
"Vrachtauto_ex_aanhanger","60-65","PV24  ","2023JJ00",339
"Vrachtauto_ex_aanhanger","60-65","PV25  ","2023JJ00",1537
"Vrachtauto_ex_aanhanger","60-65","PV26  ","2023JJ00",845
"Vrachtauto_ex_aanhanger","60-65","PV27  ","2023JJ00",1963
"Vrachtauto_ex_aanhanger","60-65","PV28  ","2023JJ00",2254
"Vrachtauto_ex_aanhanger","60-65","PV29  ","2023JJ00",307
"Vrachtauto_ex_aanhanger","60-65","PV30  ","2023JJ00",1978
"Vrachtauto_ex_aanhanger","60-65","PV31  ","2023JJ00",749
"Vrachtauto_ex_aanhanger","60-65","PV99  ","2023JJ00",30
"Vrachtauto_ex_aanhanger","65-70","PV20  ","2023JJ00",167
"Vrachtauto_ex_aanhanger","65-70","PV21  ","2023JJ00",275
"Vrachtauto_ex_aanhanger","65-70","PV22  ","2023JJ00",235
"Vrachtauto_ex_aanhanger","65-70","PV23  ","2023JJ00",349
"Vrachtauto_ex_aanhanger","65-70","PV24  ","2023JJ00",171
"Vrachtauto_ex_aanhanger","65-70","PV25  ","2023JJ00",809
"Vrachtauto_ex_aanhanger","65-70","PV26  ","2023JJ00",363
"Vrachtauto_ex_aanhanger","65-70","PV27  ","2023JJ00",975
"Vrachtauto_ex_aanhanger","65-70","PV28  ","2023JJ00",1084
"Vrachtauto_ex_aanhanger","65-70","PV29  ","2023JJ00",183
"Vrachtauto_ex_aanhanger","65-70","PV30  ","2023JJ00",1016
"Vrachtauto_ex_aanhanger","65-70","PV31  ","2023JJ00",366
"Vrachtauto_ex_aanhanger","65-70","PV99  ","2023JJ00",9
"Vrachtauto_ex_aanhanger","70-75","PV20  ","2023JJ00",99
"Vrachtauto_ex_aanhanger","70-75","PV21  ","2023JJ00",130
"Vrachtauto_ex_aanhanger","70-75","PV22  ","2023JJ00",130
"Vrachtauto_ex_aanhanger","70-75","PV23  ","2023JJ00",163
"Vrachtauto_ex_aanhanger","70-75","PV24  ","2023JJ00",87
"Vrachtauto_ex_aanhanger","70-75","PV25  ","2023JJ00",386
"Vrachtauto_ex_aanhanger","70-75","PV26  ","2023JJ00",180
"Vrachtauto_ex_aanhanger","70-75","PV27  ","2023JJ00",453
"Vrachtauto_ex_aanhanger","70-75","PV28  ","2023JJ00",433
"Vrachtauto_ex_aanhanger","70-75","PV29  ","2023JJ00",95
"Vrachtauto_ex_aanhanger","70-75","PV30  ","2023JJ00",516
"Vrachtauto_ex_aanhanger","70-75","PV31  ","2023JJ00",191
"Vrachtauto_ex_aanhanger","70-75","PV99  ","2023JJ00",3
"Vrachtauto_ex_aanhanger","75+","PV20  ","2023JJ00",93
"Vrachtauto_ex_aanhanger","75+","PV21  ","2023JJ00",140
"Vrachtauto_ex_aanhanger","75+","PV22  ","2023JJ00",109
"Vrachtauto_ex_aanhanger","75+","PV23  ","2023JJ00",203
"Vrachtauto_ex_aanhanger","75+","PV24  ","2023JJ00",70
"Vrachtauto_ex_aanhanger","75+","PV25  ","2023JJ00",361
"Vrachtauto_ex_aanhanger","75+","PV26  ","2023JJ00",159
"Vrachtauto_ex_aanhanger","75+","PV27  ","2023JJ00",387
"Vrachtauto_ex_aanhanger","75+","PV28  ","2023JJ00",408
"Vrachtauto_ex_aanhanger","75+","PV29  ","2023JJ00",94
"Vrachtauto_ex_aanhanger","75+","PV30  ","2023JJ00",461
"Vrachtauto_ex_aanhanger","75+","PV31  ","2023JJ00",167
"Vrachtauto_ex_aanhanger","75+","PV99  ","2023JJ00",2
"Vrachtauto_ex_aanhanger","onbekend","PV20  ","2023JJ00",0
"Vrachtauto_ex_aanhanger","onbekend","PV21  ","2023JJ00",0
"Vrachtauto_ex_aanhanger","onbekend","PV22  ","2023JJ00",0
"Vrachtauto_ex_aanhanger","onbekend","PV23  ","2023JJ00",0
"Vrachtauto_ex_aanhanger","onbekend","PV24  ","2023JJ00",0
"Vrachtauto_ex_aanhanger","onbekend","PV25  ","2023JJ00",0
"Vrachtauto_ex_aanhanger","onbekend","PV26  ","2023JJ00",0
"Vrachtauto_ex_aanhanger","onbekend","PV27  ","2023JJ00",0
"Vrachtauto_ex_aanhanger","onbekend","PV28  ","2023JJ00",0
"Vrachtauto_ex_aanhanger","onbekend","PV29  ","2023JJ00",0
"Vrachtauto_ex_aanhanger","onbekend","PV30  ","2023JJ00",0
"Vrachtauto_ex_aanhanger","onbekend","PV31  ","2023JJ00",0
"Vrachtauto_ex_aanhanger","onbekend","PV99  ","2023JJ00",0
"Vrachtauto_inc_aanhanger","Totaal","PV20  ","2023JJ00",13579
"Vrachtauto_inc_aanhanger","Totaal","PV21  ","2023JJ00",20256
"Vrachtauto_inc_aanhanger","Totaal","PV22  ","2023JJ00",15988
"Vrachtauto_inc_aanhanger","Totaal","PV23  ","2023JJ00",30044
"Vrachtauto_inc_aanhanger","Totaal","PV24  ","2023JJ00",7678
"Vrachtauto_inc_aanhanger","Totaal","PV25  ","2023JJ00",57041
"Vrachtauto_inc_aanhanger","Totaal","PV26  ","2023JJ00",22934
"Vrachtauto_inc_aanhanger","Totaal","PV27  ","2023JJ00",43579
"Vrachtauto_inc_aanhanger","Totaal","PV28  ","2023JJ00",64387
"Vrachtauto_inc_aanhanger","Totaal","PV29  ","2023JJ00",12300
"Vrachtauto_inc_aanhanger","Totaal","PV30  ","2023JJ00",65675
"Vrachtauto_inc_aanhanger","Totaal","PV31  ","2023JJ00",28317
"Vrachtauto_inc_aanhanger","Totaal","PV99  ","2023JJ00",589
"Vrachtauto_inc_aanhanger","16-18","PV20  ","2023JJ00",NA
"Vrachtauto_inc_aanhanger","16-18","PV21  ","2023JJ00",NA
"Vrachtauto_inc_aanhanger","16-18","PV22  ","2023JJ00",NA
"Vrachtauto_inc_aanhanger","16-18","PV23  ","2023JJ00",NA
"Vrachtauto_inc_aanhanger","16-18","PV24  ","2023JJ00",NA
"Vrachtauto_inc_aanhanger","16-18","PV25  ","2023JJ00",NA
"Vrachtauto_inc_aanhanger","16-18","PV26  ","2023JJ00",NA
"Vrachtauto_inc_aanhanger","16-18","PV27  ","2023JJ00",NA
"Vrachtauto_inc_aanhanger","16-18","PV28  ","2023JJ00",NA
"Vrachtauto_inc_aanhanger","16-18","PV29  ","2023JJ00",NA
"Vrachtauto_inc_aanhanger","16-18","PV30  ","2023JJ00",NA
"Vrachtauto_inc_aanhanger","16-18","PV31  ","2023JJ00",NA
"Vrachtauto_inc_aanhanger","16-18","PV99  ","2023JJ00",NA
"Vrachtauto_inc_aanhanger","18-20","PV20  ","2023JJ00",45
"Vrachtauto_inc_aanhanger","18-20","PV21  ","2023JJ00",36
"Vrachtauto_inc_aanhanger","18-20","PV22  ","2023JJ00",41
"Vrachtauto_inc_aanhanger","18-20","PV23  ","2023JJ00",93
"Vrachtauto_inc_aanhanger","18-20","PV24  ","2023JJ00",14
"Vrachtauto_inc_aanhanger","18-20","PV25  ","2023JJ00",126
"Vrachtauto_inc_aanhanger","18-20","PV26  ","2023JJ00",59
"Vrachtauto_inc_aanhanger","18-20","PV27  ","2023JJ00",63
"Vrachtauto_inc_aanhanger","18-20","PV28  ","2023JJ00",134
"Vrachtauto_inc_aanhanger","18-20","PV29  ","2023JJ00",26
"Vrachtauto_inc_aanhanger","18-20","PV30  ","2023JJ00",134
"Vrachtauto_inc_aanhanger","18-20","PV31  ","2023JJ00",36
"Vrachtauto_inc_aanhanger","18-20","PV99  ","2023JJ00",0
"Vrachtauto_inc_aanhanger","20-25","PV20  ","2023JJ00",384
"Vrachtauto_inc_aanhanger","20-25","PV21  ","2023JJ00",498
"Vrachtauto_inc_aanhanger","20-25","PV22  ","2023JJ00",504
"Vrachtauto_inc_aanhanger","20-25","PV23  ","2023JJ00",926
"Vrachtauto_inc_aanhanger","20-25","PV24  ","2023JJ00",153
"Vrachtauto_inc_aanhanger","20-25","PV25  ","2023JJ00",1452
"Vrachtauto_inc_aanhanger","20-25","PV26  ","2023JJ00",544
"Vrachtauto_inc_aanhanger","20-25","PV27  ","2023JJ00",673
"Vrachtauto_inc_aanhanger","20-25","PV28  ","2023JJ00",1230
"Vrachtauto_inc_aanhanger","20-25","PV29  ","2023JJ00",278
"Vrachtauto_inc_aanhanger","20-25","PV30  ","2023JJ00",1459
"Vrachtauto_inc_aanhanger","20-25","PV31  ","2023JJ00",428
"Vrachtauto_inc_aanhanger","20-25","PV99  ","2023JJ00",0
"Vrachtauto_inc_aanhanger","25-30","PV20  ","2023JJ00",537
"Vrachtauto_inc_aanhanger","25-30","PV21  ","2023JJ00",792
"Vrachtauto_inc_aanhanger","25-30","PV22  ","2023JJ00",626
"Vrachtauto_inc_aanhanger","25-30","PV23  ","2023JJ00",1334
"Vrachtauto_inc_aanhanger","25-30","PV24  ","2023JJ00",243
"Vrachtauto_inc_aanhanger","25-30","PV25  ","2023JJ00",2137
"Vrachtauto_inc_aanhanger","25-30","PV26  ","2023JJ00",841
"Vrachtauto_inc_aanhanger","25-30","PV27  ","2023JJ00",1426
"Vrachtauto_inc_aanhanger","25-30","PV28  ","2023JJ00",2219
"Vrachtauto_inc_aanhanger","25-30","PV29  ","2023JJ00",477
"Vrachtauto_inc_aanhanger","25-30","PV30  ","2023JJ00",2318
"Vrachtauto_inc_aanhanger","25-30","PV31  ","2023JJ00",783
"Vrachtauto_inc_aanhanger","25-30","PV99  ","2023JJ00",7
"Vrachtauto_inc_aanhanger","30-40","PV20  ","2023JJ00",1541
"Vrachtauto_inc_aanhanger","30-40","PV21  ","2023JJ00",2312
"Vrachtauto_inc_aanhanger","30-40","PV22  ","2023JJ00",1857
"Vrachtauto_inc_aanhanger","30-40","PV23  ","2023JJ00",3712
"Vrachtauto_inc_aanhanger","30-40","PV24  ","2023JJ00",922
"Vrachtauto_inc_aanhanger","30-40","PV25  ","2023JJ00",6535
"Vrachtauto_inc_aanhanger","30-40","PV26  ","2023JJ00",2348
"Vrachtauto_inc_aanhanger","30-40","PV27  ","2023JJ00",4236
"Vrachtauto_inc_aanhanger","30-40","PV28  ","2023JJ00",7093
"Vrachtauto_inc_aanhanger","30-40","PV29  ","2023JJ00",1397
"Vrachtauto_inc_aanhanger","30-40","PV30  ","2023JJ00",7121
"Vrachtauto_inc_aanhanger","30-40","PV31  ","2023JJ00",2768
"Vrachtauto_inc_aanhanger","30-40","PV99  ","2023JJ00",41
"Vrachtauto_inc_aanhanger","40-50","PV20  ","2023JJ00",2102
"Vrachtauto_inc_aanhanger","40-50","PV21  ","2023JJ00",3107
"Vrachtauto_inc_aanhanger","40-50","PV22  ","2023JJ00",2388
"Vrachtauto_inc_aanhanger","40-50","PV23  ","2023JJ00",4840
"Vrachtauto_inc_aanhanger","40-50","PV24  ","2023JJ00",1120
"Vrachtauto_inc_aanhanger","40-50","PV25  ","2023JJ00",8525
"Vrachtauto_inc_aanhanger","40-50","PV26  ","2023JJ00",3227
"Vrachtauto_inc_aanhanger","40-50","PV27  ","2023JJ00",6183
"Vrachtauto_inc_aanhanger","40-50","PV28  ","2023JJ00",9350
"Vrachtauto_inc_aanhanger","40-50","PV29  ","2023JJ00",1939
"Vrachtauto_inc_aanhanger","40-50","PV30  ","2023JJ00",9483
"Vrachtauto_inc_aanhanger","40-50","PV31  ","2023JJ00",4122
"Vrachtauto_inc_aanhanger","40-50","PV99  ","2023JJ00",100
"Vrachtauto_inc_aanhanger","50-60","PV20  ","2023JJ00",3594
"Vrachtauto_inc_aanhanger","50-60","PV21  ","2023JJ00",5309
"Vrachtauto_inc_aanhanger","50-60","PV22  ","2023JJ00",4236
"Vrachtauto_inc_aanhanger","50-60","PV23  ","2023JJ00",7851
"Vrachtauto_inc_aanhanger","50-60","PV24  ","2023JJ00",2005
"Vrachtauto_inc_aanhanger","50-60","PV25  ","2023JJ00",15429
"Vrachtauto_inc_aanhanger","50-60","PV26  ","2023JJ00",5843
"Vrachtauto_inc_aanhanger","50-60","PV27  ","2023JJ00",11025
"Vrachtauto_inc_aanhanger","50-60","PV28  ","2023JJ00",16917
"Vrachtauto_inc_aanhanger","50-60","PV29  ","2023JJ00",3365
"Vrachtauto_inc_aanhanger","50-60","PV30  ","2023JJ00",17749
"Vrachtauto_inc_aanhanger","50-60","PV31  ","2023JJ00",7850
"Vrachtauto_inc_aanhanger","50-60","PV99  ","2023JJ00",187
"Vrachtauto_inc_aanhanger","60-65","PV20  ","2023JJ00",1975
"Vrachtauto_inc_aanhanger","60-65","PV21  ","2023JJ00",3034
"Vrachtauto_inc_aanhanger","60-65","PV22  ","2023JJ00",2415
"Vrachtauto_inc_aanhanger","60-65","PV23  ","2023JJ00",4431
"Vrachtauto_inc_aanhanger","60-65","PV24  ","2023JJ00",1244
"Vrachtauto_inc_aanhanger","60-65","PV25  ","2023JJ00",8819
"Vrachtauto_inc_aanhanger","60-65","PV26  ","2023JJ00",3785
"Vrachtauto_inc_aanhanger","60-65","PV27  ","2023JJ00",7429
"Vrachtauto_inc_aanhanger","60-65","PV28  ","2023JJ00",10464
"Vrachtauto_inc_aanhanger","60-65","PV29  ","2023JJ00",1830
"Vrachtauto_inc_aanhanger","60-65","PV30  ","2023JJ00",10892
"Vrachtauto_inc_aanhanger","60-65","PV31  ","2023JJ00",4897
"Vrachtauto_inc_aanhanger","60-65","PV99  ","2023JJ00",118
"Vrachtauto_inc_aanhanger","65-70","PV20  ","2023JJ00",1737
"Vrachtauto_inc_aanhanger","65-70","PV21  ","2023JJ00",2480
"Vrachtauto_inc_aanhanger","65-70","PV22  ","2023JJ00",1995
"Vrachtauto_inc_aanhanger","65-70","PV23  ","2023JJ00",3556
"Vrachtauto_inc_aanhanger","65-70","PV24  ","2023JJ00",1086
"Vrachtauto_inc_aanhanger","65-70","PV25  ","2023JJ00",7122
"Vrachtauto_inc_aanhanger","65-70","PV26  ","2023JJ00",3104
"Vrachtauto_inc_aanhanger","65-70","PV27  ","2023JJ00",6121
"Vrachtauto_inc_aanhanger","65-70","PV28  ","2023JJ00",8583
"Vrachtauto_inc_aanhanger","65-70","PV29  ","2023JJ00",1518
"Vrachtauto_inc_aanhanger","65-70","PV30  ","2023JJ00",8453
"Vrachtauto_inc_aanhanger","65-70","PV31  ","2023JJ00",3766
"Vrachtauto_inc_aanhanger","65-70","PV99  ","2023JJ00",76
"Vrachtauto_inc_aanhanger","70-75","PV20  ","2023JJ00",943
"Vrachtauto_inc_aanhanger","70-75","PV21  ","2023JJ00",1472
"Vrachtauto_inc_aanhanger","70-75","PV22  ","2023JJ00",1123
"Vrachtauto_inc_aanhanger","70-75","PV23  ","2023JJ00",1896
"Vrachtauto_inc_aanhanger","70-75","PV24  ","2023JJ00",559
"Vrachtauto_inc_aanhanger","70-75","PV25  ","2023JJ00",3954
"Vrachtauto_inc_aanhanger","70-75","PV26  ","2023JJ00",1788
"Vrachtauto_inc_aanhanger","70-75","PV27  ","2023JJ00",3617
"Vrachtauto_inc_aanhanger","70-75","PV28  ","2023JJ00",4711
"Vrachtauto_inc_aanhanger","70-75","PV29  ","2023JJ00",818
"Vrachtauto_inc_aanhanger","70-75","PV30  ","2023JJ00",4862
"Vrachtauto_inc_aanhanger","70-75","PV31  ","2023JJ00",2228
"Vrachtauto_inc_aanhanger","70-75","PV99  ","2023JJ00",44
"Vrachtauto_inc_aanhanger","75+","PV20  ","2023JJ00",721
"Vrachtauto_inc_aanhanger","75+","PV21  ","2023JJ00",1216
"Vrachtauto_inc_aanhanger","75+","PV22  ","2023JJ00",803
"Vrachtauto_inc_aanhanger","75+","PV23  ","2023JJ00",1405
"Vrachtauto_inc_aanhanger","75+","PV24  ","2023JJ00",332
"Vrachtauto_inc_aanhanger","75+","PV25  ","2023JJ00",2942
"Vrachtauto_inc_aanhanger","75+","PV26  ","2023JJ00",1395
"Vrachtauto_inc_aanhanger","75+","PV27  ","2023JJ00",2806
"Vrachtauto_inc_aanhanger","75+","PV28  ","2023JJ00",3686
"Vrachtauto_inc_aanhanger","75+","PV29  ","2023JJ00",652
"Vrachtauto_inc_aanhanger","75+","PV30  ","2023JJ00",3204
"Vrachtauto_inc_aanhanger","75+","PV31  ","2023JJ00",1439
"Vrachtauto_inc_aanhanger","75+","PV99  ","2023JJ00",16
"Vrachtauto_inc_aanhanger","onbekend","PV20  ","2023JJ00",0
"Vrachtauto_inc_aanhanger","onbekend","PV21  ","2023JJ00",0
"Vrachtauto_inc_aanhanger","onbekend","PV22  ","2023JJ00",0
"Vrachtauto_inc_aanhanger","onbekend","PV23  ","2023JJ00",0
"Vrachtauto_inc_aanhanger","onbekend","PV24  ","2023JJ00",0
"Vrachtauto_inc_aanhanger","onbekend","PV25  ","2023JJ00",0
"Vrachtauto_inc_aanhanger","onbekend","PV26  ","2023JJ00",0
"Vrachtauto_inc_aanhanger","onbekend","PV27  ","2023JJ00",0
"Vrachtauto_inc_aanhanger","onbekend","PV28  ","2023JJ00",0
"Vrachtauto_inc_aanhanger","onbekend","PV29  ","2023JJ00",0
"Vrachtauto_inc_aanhanger","onbekend","PV30  ","2023JJ00",0
"Vrachtauto_inc_aanhanger","onbekend","PV31  ","2023JJ00",0
"Vrachtauto_inc_aanhanger","onbekend","PV99  ","2023JJ00",0
